,ATP,Location,Tournament,Date,Series,Court,Surface,Round,Best of,Winner,Loser,WRank,LRank,WPts,LPts,W1,L1,W2,L2,W3,L3,W4,L4,W5,L5,Wsets,Lsets,Comment,B365W,B365L,EXW,EXL,LBW,LBL,PSW,PSL,MaxW,MaxL,AvgW,AvgL,tourney_id,tourney_name,surface,draw_size,tourney_level,tourney_date,match_num,winner_id,winner_seed,winner_entry,winner_name,winner_hand,winner_ht,winner_ioc,winner_age,winner_rank,winner_rank_points,loser_id,loser_seed,loser_entry,loser_name,loser_hand,loser_ht,loser_ioc,loser_age,loser_rank,loser_rank_points,score,best_of,round,minutes,w_ace,w_df,w_svpt,w_1stIn,w_1stWon,w_2ndWon,w_SvGms,w_bpSaved,w_bpFaced,l_ace,l_df,l_svpt,l_1stIn,l_1stWon,l_2ndWon,l_SvGms,l_bpSaved,l_bpFaced
0,1,Brisbane,Brisbane International,2017-01-01,ATP250,Outdoor,Hard,1st Round,3,Thompson J.,Ymer E.,79,160.0,689,372.0,6.0,3.0,6.0,2.0,,,,,,,2.0,0.0,Completed,1.28,3.5,1.22,3.5,1.3,3.5,1.31,3.73,1.33,3.9,1.29,3.5,2017-M020,Brisbane,Hard,32,A,2017-01-01,276,111442,,WC,Thompson J.,R,,AUS,22.7049965777,79.0,689.0,111200,,WC,Ymer E.,R,,SWE,20.7310061602,160.0,372.0,6-3 6-2,3,R32,90.0,1.0,0.0,46.0,28.0,26.0,6.0,8.0,1.0,2.0,1.0,6.0,74.0,43.0,23.0,13.0,9.0,10.0,15.0
1,1,Brisbane,Brisbane International,2017-01-02,ATP250,Outdoor,Hard,1st Round,3,Mahut N.,Robert S.,39,54.0,1102,854.0,4.0,6.0,6.0,3.0,6.0,4.0,,,,,2.0,1.0,Completed,1.5,2.5,1.45,2.35,1.53,2.5,1.58,2.52,1.59,2.55,1.54,2.43,2017-M020,Brisbane,Hard,32,A,2017-01-02,279,103917,,,Mahut N.,R,190.0,FRA,34.9486652977,39.0,1102.0,103565,,,Robert S.,R,185.0,FRA,36.629705681,54.0,854.0,4-6 6-3 6-4,3,R32,120.0,13.0,3.0,86.0,55.0,42.0,17.0,15.0,2.0,4.0,9.0,8.0,94.0,46.0,29.0,30.0,14.0,9.0,12.0
2,1,Brisbane,Brisbane International,2017-01-02,ATP250,Outdoor,Hard,1st Round,3,Ferrer D.,Tomic B.,21,26.0,1785,1465.0,6.0,3.0,7.0,5.0,,,,,,,2.0,0.0,Completed,1.9,1.8,1.88,1.75,2.0,1.8,2.1,1.81,2.15,1.82,2.01,1.77,2017-M020,Brisbane,Hard,32,A,2017-01-02,277,103970,8.0,,Ferrer D.,R,175.0,ESP,34.7542778919,21.0,1785.0,106071,,,Tomic B.,R,193.0,AUS,24.1998631075,26.0,1465.0,6-3 7-5,3,R32,83.0,3.0,5.0,52.0,30.0,25.0,12.0,10.0,2.0,3.0,5.0,8.0,74.0,44.0,29.0,12.0,11.0,5.0,9.0
3,1,Brisbane,Brisbane International,2017-01-02,ATP250,Outdoor,Hard,1st Round,3,Edmund K.,Escobedo E.,45,141.0,1001,443.0,7.0,6.0,7.0,6.0,,,,,,,2.0,0.0,Completed,1.36,3.0,1.35,2.75,1.4,3.0,1.42,3.09,1.42,3.25,1.37,3.01,2017-M020,Brisbane,Hard,32,A,2017-01-02,272,106378,,,Edmund K.,R,,GBR,21.9849418207,45.0,1001.0,124014,,Q,Escobedo E.,R,,USA,20.4982888433,141.0,443.0,7-6(4) 7-6(6),3,R32,130.0,11.0,2.0,83.0,48.0,37.0,19.0,12.0,2.0,3.0,11.0,3.0,113.0,67.0,39.0,27.0,12.0,9.0,10.0
4,1,Brisbane,Brisbane International,2017-01-02,ATP250,Outdoor,Hard,1st Round,3,Dimitrov G.,Johnson S.,17,33.0,2035,1320.0,6.0,2.0,6.0,3.0,,,,,,,2.0,0.0,Completed,1.4,2.75,1.38,2.65,1.4,3.0,1.41,3.13,1.46,3.13,1.41,2.85,2017-M020,Brisbane,Hard,32,A,2017-01-02,278,105777,7.0,,Dimitrov G.,R,188.0,BUL,25.6344969199,17.0,2035.0,105449,,,Johnson S.,R,188.0,USA,27.0253251198,33.0,1320.0,6-2 6-3,3,R32,75.0,3.0,0.0,48.0,25.0,23.0,12.0,9.0,0.0,1.0,2.0,3.0,57.0,36.0,21.0,7.0,8.0,4.0,8.0
5,1,Brisbane,Brisbane International,2017-01-03,ATP250,Outdoor,Hard,1st Round,3,Donaldson J.,Muller G.,105,34.0,570,1255.0,6.0,4.0,6.0,4.0,,,,,,,2.0,0.0,Completed,2.62,1.44,2.5,1.4,2.62,1.5,2.74,1.51,2.75,1.51,2.64,1.47,2017-M020,Brisbane,Hard,32,A,2017-01-03,275,111577,,Q,Donaldson J.,R,,USA,20.2327173169,105.0,570.0,104180,,,Muller G.,L,193.0,LUX,33.6536618754,34.0,1255.0,6-4 6-4,3,R32,75.0,12.0,2.0,55.0,33.0,27.0,13.0,10.0,0.0,1.0,10.0,2.0,58.0,37.0,27.0,7.0,10.0,2.0,5.0
6,1,Brisbane,Brisbane International,2017-01-03,ATP250,Outdoor,Hard,1st Round,3,Pouille L.,Simon G.,15,25.0,2156,1585.0,7.0,6.0,7.0,6.0,,,,,,,2.0,0.0,Completed,1.8,1.9,1.75,1.85,1.91,1.91,1.93,1.95,1.93,2.0,1.83,1.94,2017-M020,Brisbane,Hard,32,A,2017-01-03,273,106298,6.0,,Pouille L.,R,,FRA,22.8583162218,15.0,2156.0,104468,,,Simon G.,R,183.0,FRA,32.0164271047,25.0,1585.0,7-6(6) 7-6(4),3,R32,125.0,7.0,2.0,102.0,52.0,37.0,24.0,12.0,8.0,12.0,1.0,4.0,76.0,42.0,29.0,16.0,12.0,0.0,4.0
7,1,Brisbane,Brisbane International,2017-01-03,ATP250,Outdoor,Hard,1st Round,3,Troicki V.,Nishioka Y.,29,100.0,1385,604.0,6.0,4.0,7.0,5.0,,,,,,,2.0,0.0,Completed,1.5,2.5,1.45,2.4,1.5,2.5,1.54,2.62,1.54,2.85,1.49,2.57,2017-M020,Brisbane,Hard,32,A,2017-01-03,271,104678,,,Troicki V.,R,193.0,SRB,30.893908282,29.0,1385.0,106415,,Q,Nishioka Y.,L,,JPN,21.2676249144,100.0,604.0,6-4 7-5,3,R32,91.0,11.0,5.0,64.0,45.0,35.0,6.0,11.0,1.0,3.0,0.0,1.0,82.0,53.0,33.0,13.0,11.0,6.0,10.0
8,1,Brisbane,Brisbane International,2017-01-03,ATP250,Outdoor,Hard,1st Round,3,Zverev M.,De Minaur A.,51,351.0,874,132.0,6.0,3.0,6.0,3.0,,,,,,,2.0,0.0,Completed,1.44,2.62,1.38,2.6,1.5,2.62,1.49,2.8,1.5,2.8,1.45,2.7,2017-M020,Brisbane,Hard,32,A,2017-01-03,283,104999,,,Zverev M.,L,190.0,GER,29.3661875428,51.0,874.0,200282,,Q,De Minaur A.,R,,AUS,17.8754277892,351.0,132.0,6-3 6-3,3,R32,67.0,3.0,3.0,57.0,42.0,30.0,9.0,9.0,2.0,2.0,2.0,4.0,46.0,26.0,14.0,12.0,9.0,0.0,3.0
9,1,Brisbane,Brisbane International,2017-01-04,ATP250,Outdoor,Hard,2nd Round,3,Nishikori K.,Donaldson J.,5,105.0,4905,570.0,4.0,6.0,6.0,4.0,6.0,3.0,,,,,2.0,1.0,Completed,1.1,7.0,1.11,4.8,1.12,6.0,1.12,7.58,1.14,7.58,1.11,6.37,2017-M020,Brisbane,Hard,32,A,2017-01-04,288,105453,3.0,,Nishikori K.,R,178.0,JPN,27.0116358658,5.0,4905.0,111577,,Q,Donaldson J.,R,,USA,20.2327173169,105.0,570.0,4-6 6-4 6-3,3,R16,143.0,3.0,3.0,107.0,66.0,47.0,18.0,15.0,4.0,8.0,6.0,4.0,95.0,54.0,32.0,20.0,14.0,8.0,13.0
10,1,Brisbane,Brisbane International,2017-01-04,ATP250,Outdoor,Hard,2nd Round,3,Thompson J.,Ferrer D.,79,21.0,689,1785.0,4.0,6.0,7.0,5.0,7.0,5.0,,,,,2.0,1.0,Completed,4.5,1.18,3.8,1.18,4.5,1.2,4.93,1.22,5.0,1.23,4.46,1.2,2017-M020,Brisbane,Hard,32,A,2017-01-04,289,111442,,WC,Thompson J.,R,,AUS,22.7049965777,79.0,689.0,103970,8.0,,Ferrer D.,R,175.0,ESP,34.7542778919,21.0,1785.0,4-6 7-5 7-5,3,R16,158.0,5.0,2.0,103.0,65.0,49.0,18.0,17.0,4.0,7.0,2.0,4.0,103.0,64.0,42.0,23.0,17.0,5.0,9.0
11,1,Brisbane,Brisbane International,2017-01-04,ATP250,Outdoor,Hard,2nd Round,3,Edmund K.,Pouille L.,45,15.0,1001,2156.0,6.0,3.0,3.0,1.0,,,,,,,1.0,0.0,Retired,2.62,1.44,2.35,1.48,2.5,1.53,2.6,1.56,2.75,1.57,2.51,1.51,2017-M020,Brisbane,Hard,32,A,2017-01-04,287,106378,,,Edmund K.,R,,GBR,21.9849418207,45.0,1001.0,106298,6.0,,Pouille L.,R,,FRA,22.8583162218,15.0,2156.0,6-3 3-1 RET,3,R16,59.0,6.0,1.0,44.0,27.0,22.0,11.0,7.0,4.0,4.0,3.0,2.0,34.0,18.0,15.0,6.0,6.0,3.0,5.0
12,1,Brisbane,Brisbane International,2017-01-04,ATP250,Outdoor,Hard,2nd Round,3,Wawrinka S.,Troicki V.,4,29.0,5315,1385.0,7.0,6.0,6.0,4.0,,,,,,,2.0,0.0,Completed,1.3,3.4,1.25,3.1,1.3,3.5,1.34,3.6,1.35,3.6,1.31,3.39,2017-M020,Brisbane,Hard,32,A,2017-01-04,286,104527,2.0,,Wawrinka S.,R,183.0,SUI,31.7672826831,4.0,5315.0,104678,,,Troicki V.,R,193.0,SRB,30.893908282,29.0,1385.0,7-6(5) 6-4,3,R16,89.0,7.0,2.0,64.0,41.0,33.0,15.0,11.0,0.0,1.0,5.0,7.0,71.0,46.0,39.0,8.0,11.0,3.0,5.0
13,1,Brisbane,Brisbane International,2017-01-05,ATP250,Outdoor,Hard,2nd Round,3,Dimitrov G.,Mahut N.,17,39.0,2035,1102.0,6.0,2.0,6.0,4.0,,,,,,,2.0,0.0,Completed,1.18,4.5,1.2,3.75,1.25,4.0,1.21,5.0,1.25,5.0,1.2,4.39,2017-M020,Brisbane,Hard,32,A,2017-01-05,290,105777,7.0,,Dimitrov G.,R,188.0,BUL,25.6344969199,17.0,2035.0,103917,,,Mahut N.,R,190.0,FRA,34.9486652977,39.0,1102.0,6-2 6-4,3,R16,65.0,8.0,0.0,46.0,27.0,25.0,12.0,9.0,3.0,3.0,4.0,3.0,52.0,37.0,27.0,4.0,9.0,0.0,3.0
14,1,Brisbane,Brisbane International,2017-01-05,ATP250,Outdoor,Hard,2nd Round,3,Thiem D.,Groth S.,8,180.0,3415,320.0,7.0,6.0,6.0,3.0,,,,,,,2.0,0.0,Completed,1.16,4.5,1.2,3.75,1.22,4.33,1.22,4.97,1.25,4.97,1.2,4.4,2017-M020,Brisbane,Hard,32,A,2017-01-05,291,106233,4.0,,Thiem D.,R,,AUT,23.3319644079,8.0,3415.0,105032,,WC,Groth S.,R,,AUS,29.2073921971,180.0,320.0,7-6(5) 6-3,3,R16,89.0,11.0,1.0,65.0,44.0,36.0,15.0,11.0,4.0,4.0,11.0,1.0,58.0,35.0,34.0,9.0,10.0,3.0,4.0
15,1,Brisbane,Brisbane International,2017-01-05,ATP250,Outdoor,Hard,2nd Round,3,Nadal R.,Zverev M.,9,51.0,3300,874.0,6.0,1.0,6.0,1.0,,,,,,,2.0,0.0,Completed,1.12,6.0,1.09,5.25,1.11,6.5,1.14,6.76,1.14,6.8,1.11,6.16,2017-M020,Brisbane,Hard,32,A,2017-01-05,292,104745,5.0,,Nadal R.,L,185.0,ESP,30.5845311431,9.0,3300.0,104999,,,Zverev M.,L,190.0,GER,29.3661875428,51.0,874.0,6-1 6-1,3,R16,55.0,1.0,2.0,38.0,18.0,15.0,15.0,7.0,2.0,2.0,2.0,2.0,38.0,25.0,13.0,3.0,7.0,3.0,8.0
16,2,Chennai,Chennai Open,2017-01-02,ATP250,Outdoor,Hard,1st Round,3,Darcis S.,Mektic N.,86,331.0,658,144.0,6.0,2.0,6.0,3.0,,,,,,,2.0,0.0,Completed,1.22,4.0,1.22,3.5,1.22,4.33,1.26,4.25,1.26,4.33,1.23,4.06,2017-0891,Chennai,Hard,32,A,2017-01-02,280,104327,,,Darcis S.,R,178.0,BEL,32.8076659822,86.0,658.0,105254,,Q,Mektic N.,R,,CRO,28.0246406571,331.0,144.0,6-2 6-3,3,R32,59.0,1.0,0.0,39.0,25.0,20.0,12.0,8.0,0.0,0.0,4.0,0.0,48.0,30.0,15.0,9.0,9.0,0.0,4.0
17,2,Chennai,Chennai Open,2017-01-02,ATP250,Outdoor,Hard,1st Round,3,Sela D.,Dzumhur D.,96,77.0,616,699.0,6.0,2.0,6.0,2.0,,,,,,,2.0,0.0,Completed,2.0,1.72,1.95,1.68,2.0,1.73,2.1,1.81,2.1,1.83,2.02,1.77,2017-0891,Chennai,Hard,32,A,2017-01-02,279,104534,,,Sela D.,R,175.0,ISR,31.7481177276,96.0,616.0,106000,,,Dzumhur D.,R,172.0,BIH,24.6214921287,77.0,699.0,6-2 6-2,3,R32,62.0,2.0,0.0,53.0,36.0,28.0,11.0,8.0,5.0,5.0,1.0,4.0,57.0,29.0,17.0,10.0,8.0,4.0,8.0
18,2,Chennai,Chennai Open,2017-01-02,ATP250,Outdoor,Hard,1st Round,3,Medvedev D.,Monteiro T.,99,82.0,611,674.0,6.0,3.0,6.0,3.0,,,,,,,2.0,0.0,Completed,1.18,4.5,1.17,4.0,1.18,4.33,1.25,4.36,1.25,4.7,1.21,4.3,2017-0891,Chennai,Hard,32,A,2017-01-02,283,106421,,,Medvedev D.,R,,RUS,20.8925393566,99.0,611.0,106329,,,Monteiro T.,L,,BRA,22.5927446954,82.0,674.0,6-3 6-3,3,R32,96.0,8.0,4.0,72.0,46.0,33.0,12.0,9.0,3.0,4.0,2.0,3.0,67.0,43.0,25.0,11.0,9.0,6.0,10.0
19,2,Chennai,Chennai Open,2017-01-02,ATP250,Outdoor,Hard,1st Round,3,Kovalik J.,Elias G.,117,81.0,501,675.0,6.0,7.0,6.0,4.0,6.0,2.0,,,,,2.0,1.0,Completed,1.44,2.62,1.45,2.4,1.48,2.5,1.57,2.55,1.57,2.75,1.5,2.55,2017-0891,Chennai,Hard,32,A,2017-01-02,284,106075,,Q,Kovalik J.,R,,SVK,24.1615331964,117.0,501.0,105671,,,Elias G.,R,178.0,POR,26.1081451061,81.0,675.0,6-7(5) 6-4 6-2,3,R32,140.0,4.0,1.0,101.0,63.0,47.0,21.0,15.0,5.0,6.0,7.0,2.0,90.0,47.0,34.0,24.0,15.0,3.0,7.0
20,2,Chennai,Chennai Open,2017-01-02,ATP250,Outdoor,Hard,1st Round,3,Chung H.,Coric B.,104,48.0,571,945.0,6.0,3.0,7.0,5.0,,,,,,,2.0,0.0,Completed,1.66,2.1,1.68,1.95,1.8,2.0,1.79,2.12,1.83,2.14,1.74,2.06,2017-0891,Chennai,Hard,32,A,2017-01-02,278,111202,,Q,Chung H.,R,,KOR,20.6242299795,104.0,571.0,106432,6.0,,Coric B.,R,,CRO,20.1341546886,48.0,945.0,6-3 7-5,3,R32,121.0,6.0,4.0,67.0,32.0,27.0,15.0,10.0,5.0,7.0,2.0,2.0,89.0,54.0,30.0,15.0,11.0,9.0,14.0
21,2,Chennai,Chennai Open,2017-01-03,ATP250,Outdoor,Hard,1st Round,3,Olivo R.,Ruud C.,83,225.0,670,231.0,7.0,6.0,6.0,2.0,,,,,,,2.0,0.0,Completed,1.8,1.9,1.82,1.82,1.91,1.91,1.94,1.94,1.94,2.0,1.85,1.92,2017-0891,Chennai,Hard,32,A,2017-01-03,272,105952,,,Olivo R.,R,,ARG,24.8021902806,83.0,670.0,134770,,WC,Ruud C.,R,,NOR,18.0314852841,225.0,231.0,7-6(3) 6-2,3,R32,79.0,5.0,2.0,60.0,33.0,27.0,18.0,10.0,0.0,0.0,1.0,3.0,69.0,51.0,35.0,8.0,10.0,6.0,8.0
22,2,Chennai,Chennai Open,2017-01-03,ATP250,Outdoor,Hard,1st Round,3,Paire B.,Kravchuk K.,47,85.0,960,660.0,6.0,3.0,6.0,4.0,,,,,,,2.0,0.0,Completed,1.5,2.5,1.42,2.4,1.5,2.62,1.53,2.67,1.54,2.67,1.5,2.54,2017-0891,Chennai,Hard,32,A,2017-01-03,277,105332,5.0,,Paire B.,R,196.0,FRA,27.6550308008,47.0,960.0,104505,,,Kravchuk K.,R,190.0,RUS,31.8576317591,85.0,660.0,6-3 6-4,3,R32,64.0,4.0,5.0,59.0,26.0,23.0,20.0,10.0,0.0,0.0,9.0,6.0,58.0,38.0,27.0,9.0,9.0,6.0,8.0
23,2,Chennai,Chennai Open,2017-01-03,ATP250,Outdoor,Hard,1st Round,3,Bhambri Y.,Ramanathan R.,474,227.0,83,231.0,6.0,1.0,6.0,1.0,,,,,,,2.0,0.0,Completed,1.4,2.75,1.4,2.6,1.44,2.75,1.43,3.02,1.5,3.02,1.44,2.75,2017-0891,Chennai,Hard,32,A,2017-01-03,276,106026,,Q,Bhambri Y.,R,183.0,IND,24.4982888433,474.0,83.0,106368,,WC,Ramanathan R.,R,,IND,22.1519507187,227.0,231.0,6-1 6-1,3,R32,52.0,0.0,2.0,36.0,26.0,22.0,7.0,7.0,1.0,1.0,2.0,3.0,44.0,27.0,13.0,5.0,7.0,5.0,10.0
24,2,Chennai,Chennai Open,2017-01-03,ATP250,Outdoor,Hard,1st Round,3,Dutra Silva R.,Lajovic D.,440,93.0,92,627.0,7.0,6.0,4.0,6.0,7.0,6.0,,,,,2.0,1.0,Completed,3.0,1.36,2.7,1.35,2.75,1.4,3.1,1.41,3.1,1.42,2.97,1.38,2017-0891,Chennai,Hard,32,A,2017-01-03,271,104297,,,Dutra Silva R.,R,178.0,BRA,32.9144421629,98.0,613.0,105583,,,Lajovic D.,R,180.0,SRB,26.5106091718,93.0,627.0,7-6(2) 4-6 7-6(3),3,R32,153.0,12.0,4.0,117.0,70.0,51.0,23.0,17.0,4.0,8.0,2.0,2.0,127.0,95.0,59.0,18.0,17.0,9.0,12.0
25,2,Chennai,Chennai Open,2017-01-03,ATP250,Outdoor,Hard,1st Round,3,Youzhny M.,Myneni S.,57,192.0,826,287.0,6.0,4.0,6.0,3.0,,,,,,,2.0,0.0,Completed,1.44,2.62,1.38,2.6,1.44,2.75,1.41,3.14,1.45,3.2,1.4,2.87,2017-0891,Chennai,Hard,32,A,2017-01-03,273,104022,7.0,,Youzhny M.,R,183.0,RUS,34.5242984257,57.0,826.0,105031,,WC,Myneni S.,R,,IND,29.2073921971,192.0,287.0,6-4 6-3,3,R32,85.0,1.0,0.0,61.0,37.0,29.0,16.0,10.0,2.0,2.0,6.0,4.0,70.0,38.0,28.0,15.0,9.0,6.0,8.0
26,2,Chennai,Chennai Open,2017-01-04,ATP250,Outdoor,Hard,2nd Round,3,Kovalik J.,Cilic M.,117,6.0,501,3650.0,7.0,6.0,5.0,7.0,7.0,5.0,,,,,2.0,1.0,Completed,7.0,1.1,5.5,1.08,6.5,1.1,8.67,1.1,8.67,1.11,6.9,1.09,2017-0891,Chennai,Hard,32,A,2017-01-04,293,106075,,Q,Kovalik J.,R,,SVK,24.1615331964,117.0,501.0,105227,1.0,,Cilic M.,R,198.0,CRO,28.2628336756,6.0,3650.0,7-6(5) 5-7 7-5,3,R16,168.0,8.0,2.0,130.0,83.0,55.0,30.0,18.0,9.0,11.0,18.0,2.0,113.0,69.0,53.0,26.0,18.0,3.0,5.0
27,2,Chennai,Chennai Open,2017-01-04,ATP250,Outdoor,Hard,2nd Round,3,Sela D.,Chung H.,96,104.0,616,571.0,6.0,2.0,6.0,2.0,,,,,,,2.0,0.0,Completed,2.62,1.44,2.4,1.45,2.75,1.44,2.95,1.46,2.95,1.5,2.72,1.44,2017-0891,Chennai,Hard,32,A,2017-01-04,290,104534,,,Sela D.,R,175.0,ISR,31.7481177276,96.0,616.0,111202,,Q,Chung H.,R,,KOR,20.6242299795,104.0,571.0,6-2 6-2,3,R16,66.0,2.0,1.0,46.0,28.0,20.0,10.0,8.0,3.0,4.0,2.0,3.0,56.0,34.0,18.0,7.0,8.0,2.0,7.0
28,2,Chennai,Chennai Open,2017-01-05,ATP250,Outdoor,Hard,2nd Round,3,Youzhny M.,Olivo R.,57,83.0,826,670.0,6.0,1.0,7.0,5.0,,,,,,,2.0,0.0,Completed,1.28,3.5,1.3,3.0,1.3,3.4,1.35,3.51,1.36,3.51,1.32,3.36,2017-0891,Chennai,Hard,32,A,2017-01-05,287,104022,7.0,,Youzhny M.,R,183.0,RUS,34.5242984257,57.0,826.0,105952,,,Olivo R.,R,,ARG,24.8021902806,83.0,670.0,6-1 7-5,3,R16,92.0,0.0,2.0,63.0,40.0,30.0,12.0,9.0,2.0,3.0,3.0,4.0,68.0,44.0,28.0,6.0,10.0,4.0,9.0
29,2,Chennai,Chennai Open,2017-01-05,ATP250,Outdoor,Hard,2nd Round,3,Bautista Agut R.,Dutra Silva R.,14,440.0,2350,92.0,6.0,3.0,6.0,2.0,,,,,,,2.0,0.0,Completed,1.11,6.5,1.1,5.1,1.11,6.0,1.13,7.04,1.14,7.04,1.12,6.17,2017-0891,Chennai,Hard,32,A,2017-01-05,286,105138,2.0,,Bautista Agut R.,R,,ESP,28.720054757,14.0,2350.0,104297,,,Dutra Silva R.,R,178.0,BRA,32.9144421629,98.0,613.0,6-3 6-2,3,R16,74.0,3.0,2.0,55.0,31.0,26.0,14.0,9.0,2.0,2.0,6.0,1.0,52.0,34.0,24.0,6.0,8.0,2.0,5.0
30,2,Chennai,Chennai Open,2017-01-05,ATP250,Outdoor,Hard,2nd Round,3,Paire B.,Bhambri Y.,47,474.0,960,83.0,6.0,3.0,6.0,4.0,,,,,,,2.0,0.0,Completed,1.44,2.62,1.42,2.5,1.5,2.5,1.53,2.68,1.53,2.75,1.48,2.6,2017-0891,Chennai,Hard,32,A,2017-01-05,289,105332,5.0,,Paire B.,R,196.0,FRA,27.6550308008,47.0,960.0,106026,,Q,Bhambri Y.,R,183.0,IND,24.4982888433,474.0,83.0,6-3 6-4,3,R16,85.0,12.0,3.0,79.0,47.0,35.0,18.0,10.0,7.0,7.0,0.0,2.0,75.0,55.0,31.0,13.0,9.0,9.0,11.0
31,2,Chennai,Chennai Open,2017-01-05,ATP250,Outdoor,Hard,2nd Round,3,Bedene A.,Klizan M.,101,35.0,592,1230.0,7.0,6.0,6.0,7.0,7.0,6.0,,,,,2.0,1.0,Completed,1.57,2.25,1.55,2.15,1.57,2.25,1.59,2.52,1.62,2.52,1.58,2.34,2017-0891,Chennai,Hard,32,A,2017-01-05,288,105379,,,Bedene A.,R,181.0,GBR,27.4606433949,101.0,592.0,105373,4.0,,Klizan M.,L,190.0,SVK,27.4798083504,35.0,1230.0,7-6(3) 6-7(3) 7-6(2),3,R16,184.0,14.0,4.0,123.0,67.0,59.0,23.0,18.0,2.0,5.0,4.0,3.0,135.0,103.0,70.0,16.0,18.0,8.0,11.0
32,3,Doha,Qatar Exxon Mobil Open,2017-01-02,ATP250,Outdoor,Hard,1st Round,3,Brown D.,Bagnis F.,72,56.0,710,835.0,6.0,1.0,6.0,7.0,6.0,4.0,,,,,2.0,1.0,Completed,1.36,3.0,1.3,3.0,1.33,3.4,1.41,3.14,1.41,3.4,1.36,3.1,2017-0451,Doha,Hard,32,A,2017-01-02,279,104460,,,Brown D.,R,196.0,GER,32.0684462697,72.0,710.0,105487,,,Bagnis F.,L,,ARG,26.8473648186,56.0,835.0,6-1 6-7(2) 6-4,3,R32,105.0,7.0,4.0,86.0,57.0,41.0,18.0,14.0,2.0,2.0,7.0,7.0,91.0,59.0,41.0,15.0,15.0,7.0,11.0
33,3,Doha,Qatar Exxon Mobil Open,2017-01-02,ATP250,Outdoor,Hard,1st Round,3,Vesely J.,Yuksel A.,55,507.0,848,73.0,6.0,2.0,6.0,3.0,,,,,,,2.0,0.0,Completed,1.05,10.0,1.06,6.25,1.1,7.0,1.06,11.37,1.1,11.37,1.07,8.57,2017-0451,Doha,Hard,32,A,2017-01-02,280,106210,,,Vesely J.,L,,CZE,23.4825462012,55.0,848.0,105551,,WC,Yuksel A.,L,,TUR,26.6255989049,507.0,73.0,6-2 6-3,3,R32,65.0,13.0,2.0,41.0,29.0,27.0,9.0,9.0,0.0,0.0,1.0,1.0,65.0,40.0,25.0,11.0,8.0,6.0,9.0
34,3,Doha,Qatar Exxon Mobil Open,2017-01-02,ATP250,Outdoor,Hard,1st Round,3,Almagro N.,Lorenzi P.,44,40.0,1013,1090.0,7.0,6.0,4.0,6.0,6.0,3.0,,,,,2.0,1.0,Completed,1.66,2.1,1.62,2.05,1.8,2.0,1.67,2.33,1.8,2.33,1.68,2.14,2017-0451,Doha,Hard,32,A,2017-01-02,283,104597,,,Almagro N.,R,183.0,ESP,31.3675564682,44.0,1013.0,103893,,,Lorenzi P.,R,183.0,ITA,35.0499657769,40.0,1090.0,7-6(2) 4-6 6-3,3,R32,148.0,13.0,2.0,104.0,55.0,39.0,26.0,16.0,3.0,6.0,5.0,3.0,90.0,57.0,38.0,18.0,15.0,4.0,7.0
35,3,Doha,Qatar Exxon Mobil Open,2017-01-02,ATP250,Outdoor,Hard,1st Round,3,Zeballos H.,Mayer F.,71,50.0,722,903.0,6.0,7.0,6.0,4.0,7.0,6.0,,,,,2.0,1.0,Completed,2.37,1.53,2.3,1.5,2.25,1.62,2.62,1.54,2.62,1.62,2.47,1.53,2017-0451,Doha,Hard,32,A,2017-01-02,271,104547,,,Zeballos H.,L,188.0,ARG,31.6851471595,71.0,722.0,104252,,,Mayer F.,R,190.0,GER,33.2457221081,50.0,903.0,6-7(3) 6-4 7-6(9),3,R32,157.0,9.0,4.0,117.0,71.0,55.0,27.0,17.0,3.0,4.0,14.0,3.0,120.0,71.0,57.0,23.0,17.0,6.0,8.0
36,3,Doha,Qatar Exxon Mobil Open,2017-01-02,ATP250,Outdoor,Hard,1st Round,3,Goffin D.,Haase R.,11,59.0,2750,795.0,7.0,6.0,6.0,2.0,,,,,,,2.0,0.0,Completed,1.16,5.0,1.14,4.4,1.14,5.0,1.16,6.02,1.17,6.02,1.15,5.32,2017-0451,Doha,Hard,32,A,2017-01-02,274,105676,4.0,,Goffin D.,R,163.0,BEL,26.0725530459,11.0,2750.0,104898,,,Haase R.,R,190.0,NED,29.7440109514,59.0,795.0,7-6(4) 6-2,3,R32,89.0,6.0,0.0,72.0,44.0,31.0,17.0,10.0,10.0,12.0,7.0,1.0,62.0,34.0,23.0,12.0,10.0,1.0,5.0
37,3,Doha,Qatar Exxon Mobil Open,2017-01-02,ATP250,Outdoor,Hard,1st Round,3,Stepanek R.,Baghdatis M.,107,36.0,558,1140.0,6.0,4.0,5.0,3.0,,,,,,,1.0,0.0,Retired,2.2,1.61,2.1,1.58,2.2,1.62,2.28,1.69,2.35,1.73,2.18,1.65,2017-0451,Doha,Hard,32,A,2017-01-02,273,103285,,Q,Stepanek R.,R,185.0,CZE,38.0999315537,107.0,558.0,104571,8.0,,Baghdatis M.,R,183.0,CYP,31.5455167693,36.0,1140.0,6-4 5-3 RET,3,R32,114.0,2.0,7.0,88.0,38.0,24.0,26.0,9.0,12.0,14.0,2.0,1.0,66.0,39.0,23.0,12.0,9.0,5.0,9.0
38,3,Doha,Qatar Exxon Mobil Open,2017-01-02,ATP250,Outdoor,Hard,1st Round,3,De Greef A.,Safwat M.,134,199.0,456,278.0,6.0,7.0,7.0,5.0,6.0,4.0,,,,,2.0,1.0,Completed,2.25,1.57,2.2,1.52,2.2,1.62,2.46,1.61,2.49,1.62,2.35,1.56,2017-0451,Doha,Hard,32,A,2017-01-02,272,105963,,WC,De Greef A.,R,,BEL,24.7693360712,134.0,456.0,105633,,Q,Safwat M.,R,183.0,EGY,26.288843258,199.0,278.0,6-7(8) 7-5 6-4,3,R32,143.0,6.0,2.0,112.0,66.0,47.0,28.0,17.0,7.0,8.0,14.0,1.0,100.0,61.0,44.0,25.0,17.0,3.0,6.0
39,3,Doha,Qatar Exxon Mobil Open,2017-01-02,ATP250,Outdoor,Hard,1st Round,3,Verdasco F.,Pospisil V.,42,133.0,1035,456.0,7.0,5.0,6.0,0.0,,,,,,,2.0,0.0,Completed,1.8,1.9,1.68,1.95,1.8,2.0,1.89,2.0,1.89,2.05,1.8,1.98,2017-0451,Doha,Hard,32,A,2017-01-02,275,104269,,,Verdasco F.,L,188.0,ESP,33.1334702259,42.0,1035.0,105577,,Q,Pospisil V.,R,193.0,CAN,26.5297741273,133.0,456.0,7-5 6-0,3,R32,75.0,0.0,1.0,52.0,36.0,25.0,11.0,9.0,0.0,1.0,5.0,1.0,55.0,29.0,19.0,8.0,9.0,3.0,8.0
40,3,Doha,Qatar Exxon Mobil Open,2017-01-03,ATP250,Outdoor,Hard,1st Round,3,Kohlschreiber P.,Jaziri M.,32,58.0,1325,814.0,6.0,2.0,7.0,6.0,,,,,,,2.0,0.0,Completed,1.36,3.0,1.35,2.65,1.4,2.75,1.45,2.94,1.45,3.1,1.39,2.9,2017-0451,Doha,Hard,32,A,2017-01-03,282,104259,7.0,,Kohlschreiber P.,R,178.0,GER,33.2156057495,32.0,1325.0,104291,,,Jaziri M.,R,185.0,TUN,32.9527720739,58.0,814.0,6-2 7-6(3),3,R32,102.0,4.0,3.0,73.0,44.0,33.0,14.0,10.0,3.0,4.0,6.0,4.0,79.0,49.0,30.0,13.0,10.0,9.0,12.0
41,3,Doha,Qatar Exxon Mobil Open,2017-01-03,ATP250,Outdoor,Hard,1st Round,3,Karlovic I.,Marchenko I.,20,74.0,1795,705.0,7.0,6.0,7.0,6.0,,,,,,,2.0,0.0,Completed,1.4,2.75,1.4,2.6,1.44,2.75,1.44,3.0,1.45,3.05,1.41,2.82,2017-0451,Doha,Hard,32,A,2017-01-03,277,103333,6.0,,Karlovic I.,R,208.0,CRO,37.8453114305,20.0,1795.0,105011,,,Marchenko I.,R,185.0,UKR,29.3196440794,74.0,705.0,7-6(5) 7-6(0),3,R32,95.0,13.0,4.0,73.0,50.0,43.0,13.0,12.0,1.0,1.0,2.0,1.0,69.0,52.0,40.0,10.0,12.0,0.0,0.0
42,3,Doha,Qatar Exxon Mobil Open,2017-01-03,ATP250,Outdoor,Hard,1st Round,3,Murray A.,Chardy J.,1,69.0,12410,725.0,6.0,0.0,7.0,6.0,,,,,,,2.0,0.0,Completed,1.04,13.0,1.02,7.5,1.03,13.0,1.03,16.29,1.05,16.29,1.04,11.77,2017-0451,Doha,Hard,32,A,2017-01-03,285,104918,1.0,,Murray A.,R,190.0,GBR,29.6372347707,1.0,12410.0,104871,,,Chardy J.,R,188.0,FRA,29.8891170431,69.0,725.0,6-0 7-6(2),3,R32,81.0,6.0,1.0,55.0,40.0,34.0,8.0,9.0,0.0,1.0,3.0,7.0,66.0,41.0,26.0,7.0,9.0,3.0,7.0
43,3,Doha,Qatar Exxon Mobil Open,2017-01-03,ATP250,Outdoor,Hard,1st Round,3,Berdych T.,Giannessi A.,10,128.0,3060,475.0,7.0,6.0,6.0,2.0,,,,,,,2.0,0.0,Completed,1.08,8.0,1.07,6.0,1.06,9.0,1.08,9.69,1.1,9.69,1.07,8.1,2017-0451,Doha,Hard,32,A,2017-01-03,281,104607,3.0,,Berdych T.,R,196.0,CZE,31.2936344969,10.0,3060.0,105561,,Q,Giannessi A.,L,183.0,ITA,26.5954825462,128.0,475.0,7-6(1) 6-2,3,R32,86.0,5.0,2.0,54.0,31.0,26.0,18.0,10.0,0.0,0.0,6.0,2.0,71.0,42.0,30.0,14.0,10.0,2.0,4.0
44,3,Doha,Qatar Exxon Mobil Open,2017-01-04,ATP250,Outdoor,Hard,2nd Round,3,Almagro N.,Kohlschreiber P.,44,32.0,1013,1325.0,7.0,6.0,7.0,6.0,,,,,,,2.0,0.0,Completed,2.5,1.5,2.4,1.45,2.5,1.5,2.54,1.58,2.54,1.61,2.43,1.54,2017-0451,Doha,Hard,32,A,2017-01-04,292,104597,,,Almagro N.,R,183.0,ESP,31.3675564682,44.0,1013.0,104259,7.0,,Kohlschreiber P.,R,178.0,GER,33.2156057495,32.0,1325.0,7-6(5) 7-6(6),3,R16,105.0,11.0,1.0,78.0,44.0,32.0,21.0,12.0,0.0,2.0,8.0,1.0,80.0,49.0,38.0,15.0,12.0,0.0,2.0
45,3,Doha,Qatar Exxon Mobil Open,2017-01-04,ATP250,Outdoor,Hard,2nd Round,3,Verdasco F.,Goffin D.,42,11.0,1035,2750.0,6.0,1.0,7.0,6.0,,,,,,,2.0,0.0,Completed,3.25,1.33,3.0,1.3,3.0,1.36,3.56,1.34,3.6,1.38,3.25,1.33,2017-0451,Doha,Hard,32,A,2017-01-04,288,104269,,,Verdasco F.,L,188.0,ESP,33.1334702259,42.0,1035.0,105676,4.0,,Goffin D.,R,163.0,BEL,26.0725530459,11.0,2750.0,6-1 7-6(6),3,R16,101.0,6.0,2.0,87.0,56.0,39.0,12.0,10.0,12.0,14.0,2.0,0.0,68.0,41.0,25.0,12.0,9.0,3.0,7.0
46,3,Doha,Qatar Exxon Mobil Open,2017-01-04,ATP250,Outdoor,Hard,2nd Round,3,Stepanek R.,De Greef A.,107,134.0,558,456.0,6.0,3.0,6.0,2.0,,,,,,,2.0,0.0,Completed,1.22,4.0,1.25,3.3,1.25,3.75,1.26,4.34,1.26,4.34,1.24,3.99,2017-0451,Doha,Hard,32,A,2017-01-04,287,103285,,Q,Stepanek R.,R,185.0,CZE,38.0999315537,107.0,558.0,105963,,WC,De Greef A.,R,,BEL,24.7693360712,134.0,456.0,6-3 6-2,3,R16,79.0,0.0,2.0,58.0,31.0,23.0,13.0,9.0,4.0,5.0,5.0,4.0,59.0,38.0,21.0,8.0,8.0,5.0,9.0
47,3,Doha,Qatar Exxon Mobil Open,2017-01-04,ATP250,Outdoor,Hard,2nd Round,3,Berdych T.,Vesely J.,10,55.0,3060,848.0,7.0,6.0,1.0,6.0,6.0,1.0,,,,,2.0,1.0,Completed,1.28,3.5,1.25,3.3,1.29,3.75,1.34,3.56,1.36,3.9,1.3,3.44,2017-0451,Doha,Hard,32,A,2017-01-04,291,104607,3.0,,Berdych T.,R,196.0,CZE,31.2936344969,10.0,3060.0,106210,,,Vesely J.,L,,CZE,23.4825462012,55.0,848.0,7-6(5) 1-6 6-1,3,R16,105.0,13.0,3.0,79.0,47.0,39.0,14.0,13.0,2.0,4.0,9.0,2.0,84.0,55.0,36.0,16.0,13.0,0.0,2.0
48,3,Doha,Qatar Exxon Mobil Open,2017-01-04,ATP250,Outdoor,Hard,2nd Round,3,Djokovic N.,Zeballos H.,2,71.0,11780,722.0,6.0,3.0,6.0,4.0,,,,,,,2.0,0.0,Completed,1.02,19.0,1.0,10.0,1.02,15.0,1.02,22.73,1.02,26.0,1.02,16.32,2017-0451,Doha,Hard,32,A,2017-01-04,286,104925,2.0,,Djokovic N.,R,188.0,SRB,29.6180698152,2.0,11780.0,104547,,,Zeballos H.,L,188.0,ARG,31.6851471595,71.0,722.0,6-3 6-4,3,R16,71.0,4.0,1.0,47.0,33.0,29.0,11.0,10.0,0.0,0.0,4.0,2.0,54.0,34.0,22.0,11.0,9.0,0.0,2.0
49,3,Doha,Qatar Exxon Mobil Open,2017-01-04,ATP250,Outdoor,Hard,2nd Round,3,Murray A.,Melzer G.,1,68.0,12410,728.0,7.0,6.0,7.0,5.0,,,,,,,2.0,0.0,Completed,1.005,26.0,1.01,8.75,1.02,15.0,1.02,22.73,1.02,28.5,1.01,17.24,2017-0451,Doha,Hard,32,A,2017-01-04,293,104918,1.0,,Murray A.,R,190.0,GBR,29.6372347707,1.0,12410.0,105589,,,Melzer G.,L,,AUT,26.4750171116,68.0,728.0,7-6(6) 7-5,3,R16,143.0,10.0,0.0,76.0,46.0,36.0,13.0,12.0,3.0,6.0,2.0,3.0,105.0,74.0,45.0,12.0,12.0,10.0,14.0
50,3,Doha,Qatar Exxon Mobil Open,2017-01-04,ATP250,Outdoor,Hard,2nd Round,3,Karlovic I.,Khachanov K.,20,53.0,1795,863.0,7.0,6.0,7.0,6.0,,,,,,,2.0,0.0,Completed,1.57,2.25,1.48,2.3,1.67,2.2,1.65,2.38,1.69,2.38,1.62,2.25,2017-0451,Doha,Hard,32,A,2017-01-04,289,103333,6.0,,Karlovic I.,R,208.0,CRO,37.8453114305,20.0,1795.0,111575,,,Khachanov K.,R,,RUS,20.6187542779,53.0,863.0,7-6(3) 7-6(3),3,R16,89.0,16.0,4.0,73.0,45.0,42.0,17.0,12.0,3.0,3.0,13.0,4.0,70.0,42.0,34.0,19.0,12.0,0.0,0.0
51,3,Doha,Qatar Exxon Mobil Open,2017-01-05,ATP250,Outdoor,Hard,Quarterfinals,3,Verdasco F.,Karlovic I.,42,20.0,1035,1795.0,6.0,2.0,7.0,5.0,,,,,,,2.0,0.0,Completed,1.72,2.0,1.68,1.95,1.8,2.0,1.82,2.13,1.91,2.16,1.77,2.02,2017-0451,Doha,Hard,32,A,2017-01-05,295,104269,,,Verdasco F.,L,188.0,ESP,33.1334702259,42.0,1035.0,103333,6.0,,Karlovic I.,R,208.0,CRO,37.8453114305,20.0,1795.0,6-2 7-5,3,QF,83.0,2.0,1.0,58.0,48.0,34.0,7.0,10.0,1.0,1.0,13.0,4.0,67.0,42.0,31.0,8.0,10.0,9.0,12.0
52,3,Doha,Qatar Exxon Mobil Open,2017-01-05,ATP250,Outdoor,Hard,Quarterfinals,3,Djokovic N.,Stepanek R.,2,107.0,11780,558.0,6.0,3.0,6.0,3.0,,,,,,,2.0,0.0,Completed,1.02,17.0,1.01,8.5,,21.0,1.03,19.28,1.03,24.75,1.02,15.26,2017-0451,Doha,Hard,32,A,2017-01-05,294,104925,2.0,,Djokovic N.,R,188.0,SRB,29.6180698152,2.0,11780.0,103285,,Q,Stepanek R.,R,185.0,CZE,38.0999315537,107.0,558.0,6-3 6-3,3,QF,91.0,3.0,3.0,56.0,35.0,26.0,12.0,9.0,3.0,4.0,2.0,5.0,61.0,33.0,25.0,6.0,9.0,2.0,6.0
53,3,Doha,Qatar Exxon Mobil Open,2017-01-05,ATP250,Outdoor,Hard,Quarterfinals,3,Murray A.,Almagro N.,1,44.0,12410,1013.0,7.0,6.0,7.0,5.0,,,,,,,2.0,0.0,Completed,1.05,11.0,1.05,6.5,1.05,10.0,1.05,14.88,1.07,14.88,1.05,10.56,2017-0451,Doha,Hard,32,A,2017-01-05,297,104918,1.0,,Murray A.,R,190.0,GBR,29.6372347707,1.0,12410.0,104597,,,Almagro N.,R,183.0,ESP,31.3675564682,44.0,1013.0,7-6(4) 7-5,3,QF,129.0,5.0,3.0,79.0,51.0,34.0,17.0,12.0,3.0,5.0,4.0,4.0,89.0,44.0,30.0,21.0,12.0,9.0,12.0
54,4,Auckland,ASB Classic,2017-01-08,ATP250,Outdoor,Hard,1st Round,3,Johnson S.,Robert S.,33,53.0,1320,854.0,6.0,4.0,6.0,3.0,,,,,,,2.0,0.0,Completed,1.33,3.25,1.33,2.75,1.36,3.25,1.34,3.5,1.36,3.6,1.33,3.24,2017-0301,Auckland,Hard,32,A,2017-01-08,273,105449,7.0,,Johnson S.,R,188.0,USA,27.0444900753,33.0,1320.0,103565,,,Robert S.,R,185.0,FRA,36.6488706366,53.0,854.0,6-4 6-3,3,R32,85.0,11.0,3.0,60.0,31.0,28.0,13.0,10.0,1.0,2.0,2.0,6.0,69.0,33.0,26.0,12.0,9.0,4.0,7.0
55,4,Auckland,ASB Classic,2017-01-09,ATP250,Outdoor,Hard,1st Round,3,Haase R.,Tearney F.,58,447.0,795,90.0,6.0,4.0,7.0,5.0,,,,,,,2.0,0.0,Completed,1.12,6.0,1.09,5.25,1.14,5.5,1.17,5.75,1.17,6.0,1.14,5.5,2017-0301,Auckland,Hard,32,A,2017-01-09,280,104898,,,Haase R.,R,190.0,NED,29.7631759069,58.0,795.0,110686,,Q,Tearney F.,R,,NZL,26.2861054073,447.0,90.0,6-4 7-5,3,R32,80.0,13.0,3.0,69.0,33.0,26.0,17.0,11.0,6.0,8.0,3.0,3.0,66.0,39.0,23.0,14.0,11.0,4.0,8.0
56,4,Auckland,ASB Classic,2017-01-09,ATP250,Outdoor,Hard,1st Round,3,Vesely J.,Zeballos H.,54,69.0,848,725.0,6.0,4.0,6.0,3.0,,,,,,,2.0,0.0,Completed,1.44,2.62,1.38,2.6,1.44,2.62,1.43,3.05,1.47,3.05,1.41,2.82,2017-0301,Auckland,Hard,32,A,2017-01-09,284,106210,,,Vesely J.,L,,CZE,23.5017111567,54.0,848.0,104547,,,Zeballos H.,L,188.0,ARG,31.704312115,69.0,725.0,6-4 6-3,3,R32,82.0,10.0,6.0,64.0,45.0,34.0,8.0,9.0,5.0,5.0,5.0,2.0,52.0,28.0,18.0,15.0,10.0,2.0,5.0
57,4,Auckland,ASB Classic,2017-01-09,ATP250,Outdoor,Hard,1st Round,3,Lopez F.,Venus M.,28,1035.0,1410,10.0,3.0,6.0,6.0,4.0,6.0,3.0,,,,,2.0,1.0,Completed,1.05,11.0,1.03,7.0,1.04,11.0,1.05,13.04,1.07,13.37,1.04,10.72,2017-0301,Auckland,Hard,32,A,2017-01-09,277,103852,6.0,,Lopez F.,L,188.0,ESP,35.3045859001,28.0,1410.0,105030,,WC,Venus M.,R,,NZL,29.234770705,1035.0,10.0,3-6 6-4 6-3,3,R32,107.0,11.0,4.0,87.0,47.0,41.0,17.0,14.0,6.0,7.0,8.0,3.0,92.0,55.0,40.0,18.0,14.0,5.0,7.0
58,4,Auckland,ASB Classic,2017-01-09,ATP250,Outdoor,Hard,1st Round,3,Brown D.,Mmoh M.,70,195.0,718,285.0,7.0,6.0,3.0,6.0,6.0,4.0,,,,,2.0,1.0,Completed,1.9,1.8,1.82,1.82,1.91,1.91,2.07,1.83,2.07,2.0,1.89,1.89,2017-0301,Auckland,Hard,32,A,2017-01-09,283,104460,,WC,Brown D.,R,196.0,GER,32.0876112252,70.0,718.0,111581,,Q,Mmoh M.,R,,USA,18.9979466119,195.0,285.0,7-6(4) 3-6 6-4,3,R32,116.0,12.0,3.0,114.0,70.0,47.0,28.0,16.0,10.0,13.0,11.0,2.0,90.0,57.0,44.0,20.0,15.0,5.0,7.0
59,4,Auckland,ASB Classic,2017-01-09,ATP250,Outdoor,Hard,1st Round,3,Klein B.,Bagnis F.,324,55.0,148,817.0,6.0,1.0,6.0,7.0,7.0,6.0,,,,,2.0,1.0,Completed,2.0,1.72,1.95,1.68,2.1,1.73,2.06,1.84,2.1,1.85,2.02,1.76,2017-0301,Auckland,Hard,32,A,2017-01-09,279,105454,,Q,Klein B.,R,183.0,AUS,27.0253251198,324.0,148.0,105487,,,Bagnis F.,L,,ARG,26.8665297741,55.0,817.0,6-1 6-7(6) 7-6(3),3,R32,135.0,14.0,3.0,101.0,63.0,54.0,18.0,15.0,2.0,3.0,6.0,9.0,104.0,70.0,47.0,17.0,16.0,3.0,7.0
60,4,Auckland,ASB Classic,2017-01-10,ATP250,Outdoor,Hard,1st Round,3,Baghdatis M.,Mannarino A.,36,60.0,1140,781.0,6.0,4.0,6.0,4.0,,,,,,,2.0,0.0,Completed,2.25,1.57,2.1,1.55,2.38,1.57,2.26,1.7,2.38,1.7,2.22,1.64,2017-0301,Auckland,Hard,32,A,2017-01-10,282,104571,8.0,,Baghdatis M.,R,183.0,CYP,31.5646817248,36.0,1140.0,105173,,,Mannarino A.,L,183.0,FRA,28.5311430527,60.0,781.0,6-4 6-4,3,R32,96.0,7.0,1.0,68.0,29.0,23.0,21.0,10.0,2.0,3.0,3.0,1.0,65.0,40.0,22.0,15.0,10.0,4.0,7.0
61,4,Auckland,ASB Classic,2017-01-10,ATP250,Outdoor,Hard,1st Round,3,Chardy J.,Sitak A.,71,,705,,6.0,4.0,6.0,2.0,,,,,,,2.0,0.0,Completed,1.05,11.0,1.03,7.25,1.05,10.0,1.09,8.95,1.09,11.0,1.06,8.96,2017-0301,Auckland,Hard,32,A,2017-01-10,276,104871,,,Chardy J.,R,188.0,FRA,29.9082819986,71.0,705.0,104677,,WC,Sitak A.,R,,NZL,30.9185489391,,,6-4 6-2,3,R32,61.0,1.0,1.0,46.0,27.0,21.0,16.0,9.0,0.0,0.0,4.0,2.0,56.0,31.0,23.0,11.0,9.0,3.0,6.0
62,4,Auckland,ASB Classic,2017-01-10,ATP250,Outdoor,Hard,2nd Round,3,Haase R.,Ferrer D.,58,21.0,795,1785.0,2.0,6.0,6.0,4.0,7.0,6.0,,,,,2.0,1.0,Completed,4.33,1.2,3.5,1.22,4.0,1.25,4.65,1.24,4.65,1.28,4.12,1.23,2017-0301,Auckland,Hard,32,A,2017-01-10,291,104898,,,Haase R.,R,190.0,NED,29.7631759069,58.0,795.0,103970,3.0,,Ferrer D.,R,175.0,ESP,34.7734428474,21.0,1785.0,2-6 6-4 7-6(4),3,R16,120.0,11.0,2.0,104.0,66.0,48.0,21.0,15.0,6.0,9.0,4.0,2.0,98.0,72.0,52.0,13.0,15.0,5.0,7.0
63,4,Auckland,ASB Classic,2017-01-11,ATP250,Outdoor,Hard,2nd Round,3,Sousa J.,Klein B.,44,324.0,1030,148.0,6.0,3.0,6.0,4.0,,,,,,,2.0,0.0,Completed,1.28,3.5,1.25,3.1,1.29,3.75,1.27,4.18,1.3,4.18,1.26,3.74,2017-0301,Auckland,Hard,32,A,2017-01-11,290,105311,,,Sousa J.,R,,POR,27.780971937,44.0,1030.0,105454,,Q,Klein B.,R,183.0,AUS,27.0253251198,324.0,148.0,6-3 6-4,3,R16,73.0,3.0,3.0,58.0,33.0,25.0,13.0,10.0,0.0,2.0,5.0,6.0,51.0,27.0,19.0,7.0,9.0,1.0,5.0
64,4,Auckland,ASB Classic,2017-01-11,ATP250,Outdoor,Hard,2nd Round,3,Isner J.,Jaziri M.,19,56.0,1850,814.0,6.0,3.0,3.0,6.0,7.0,6.0,,,,,2.0,1.0,Completed,1.16,4.5,1.2,3.7,1.18,4.5,1.22,4.85,1.25,4.85,1.21,4.29,2017-0301,Auckland,Hard,32,A,2017-01-11,286,104545,2.0,,Isner J.,R,206.0,USA,31.7070499658,19.0,1850.0,104291,,,Jaziri M.,R,185.0,TUN,32.9719370294,56.0,814.0,6-3 3-6 7-6(6),3,R16,117.0,22.0,0.0,87.0,68.0,55.0,13.0,15.0,4.0,5.0,15.0,6.0,95.0,54.0,44.0,24.0,15.0,3.0,4.0
65,4,Auckland,ASB Classic,2017-01-11,ATP250,Outdoor,Hard,2nd Round,3,Baghdatis M.,Brown D.,36,70.0,1140,718.0,4.0,6.0,7.0,6.0,6.0,4.0,,,,,2.0,1.0,Completed,1.4,2.75,1.4,2.5,1.44,2.62,1.52,2.73,1.54,2.8,1.48,2.65,2017-0301,Auckland,Hard,32,A,2017-01-11,292,104571,8.0,,Baghdatis M.,R,183.0,CYP,31.5646817248,36.0,1140.0,104460,,WC,Brown D.,R,196.0,GER,32.0876112252,70.0,718.0,4-6 7-6(4) 6-4,3,R16,125.0,12.0,5.0,109.0,62.0,48.0,25.0,16.0,8.0,10.0,6.0,6.0,115.0,72.0,52.0,22.0,16.0,8.0,10.0
66,4,Auckland,ASB Classic,2017-01-11,ATP250,Outdoor,Hard,2nd Round,3,Chardy J.,Lopez F.,71,28.0,705,1410.0,,,,,,,,,,,,,Walkover,2.2,1.61,2.1,1.55,2.1,1.73,2.12,1.81,2.3,1.81,2.13,1.7,2017-0301,Auckland,Hard,32,A,2017-01-11,289,104871,,,Chardy J.,R,188.0,FRA,29.9082819986,71.0,705.0,103852,6.0,,Lopez F.,L,188.0,ESP,35.3045859001,28.0,1410.0,W/O,3,R16,0.0,,,,,,,,,,,,,,,,,,
67,4,Auckland,ASB Classic,2017-01-11,ATP250,Outdoor,Hard,2nd Round,3,Sock J.,Harrison R.,23,89.0,1710,632.0,7.0,6.0,4.0,6.0,6.0,1.0,,,,,2.0,1.0,Completed,1.4,2.75,1.38,2.65,1.4,2.75,1.45,2.97,1.45,3.38,1.4,2.86,2017-0301,Auckland,Hard,32,A,2017-01-11,288,106058,4.0,,Sock J.,R,185.0,USA,24.2929500342,23.0,1710.0,105992,,Q,Harrison R.,R,183.0,USA,24.6762491444,89.0,632.0,7-6(5) 4-6 6-1,3,R16,125.0,11.0,6.0,105.0,61.0,42.0,25.0,15.0,4.0,7.0,17.0,1.0,87.0,61.0,47.0,8.0,14.0,2.0,6.0
68,4,Auckland,ASB Classic,2017-01-11,ATP250,Outdoor,Hard,Quarterfinals,3,Sousa J.,Haase R.,44,58.0,1030,795.0,6.0,3.0,6.0,2.0,,,,,,,2.0,0.0,Completed,1.53,2.37,1.58,2.1,1.62,2.25,1.7,2.31,1.73,2.37,1.64,2.24,2017-0301,Auckland,Hard,32,A,2017-01-11,296,105311,,,Sousa J.,R,,POR,27.780971937,44.0,1030.0,104898,,,Haase R.,R,190.0,NED,29.7631759069,58.0,795.0,6-3 6-2,3,QF,57.0,1.0,0.0,53.0,32.0,26.0,13.0,9.0,2.0,2.0,5.0,2.0,45.0,29.0,19.0,7.0,8.0,3.0,6.0
69,4,Auckland,ASB Classic,2017-01-12,ATP250,Outdoor,Hard,Quarterfinals,3,Johnson S.,Isner J.,33,19.0,1320,1850.0,6.0,3.0,5.0,7.0,7.0,6.0,,,,,2.0,1.0,Completed,2.25,1.57,2.2,1.55,2.2,1.62,2.47,1.63,2.5,1.65,2.3,1.61,2017-0301,Auckland,Hard,32,A,2017-01-12,294,105449,7.0,,Johnson S.,R,188.0,USA,27.0444900753,33.0,1320.0,104545,2.0,,Isner J.,R,206.0,USA,31.7070499658,19.0,1850.0,6-3 5-7 7-6(3),3,QF,134.0,12.0,2.0,94.0,60.0,51.0,22.0,17.0,1.0,2.0,19.0,4.0,105.0,78.0,59.0,15.0,16.0,9.0,10.0
70,4,Auckland,ASB Classic,2017-01-12,ATP250,Outdoor,Hard,Quarterfinals,3,Baghdatis M.,Vesely J.,36,54.0,1140,848.0,6.0,2.0,6.0,4.0,,,,,,,2.0,0.0,Completed,1.66,2.1,1.62,2.05,1.67,2.1,1.8,2.15,1.8,2.2,1.7,2.13,2017-0301,Auckland,Hard,32,A,2017-01-12,297,104571,8.0,,Baghdatis M.,R,183.0,CYP,31.5646817248,36.0,1140.0,106210,,,Vesely J.,L,,CZE,23.5017111567,54.0,848.0,6-2 6-4,3,QF,70.0,12.0,1.0,45.0,27.0,24.0,12.0,9.0,0.0,0.0,5.0,1.0,59.0,40.0,23.0,9.0,9.0,4.0,7.0
71,4,Auckland,ASB Classic,2017-01-12,ATP250,Outdoor,Hard,Quarterfinals,3,Sock J.,Chardy J.,23,71.0,1710,705.0,5.0,7.0,6.0,4.0,6.0,3.0,,,,,2.0,1.0,Completed,1.33,3.25,1.28,3.0,1.4,3.0,1.45,3.04,1.46,3.25,1.37,3.04,2017-0301,Auckland,Hard,32,A,2017-01-12,295,106058,4.0,,Sock J.,R,185.0,USA,24.2929500342,23.0,1710.0,104871,,,Chardy J.,R,188.0,FRA,29.9082819986,71.0,705.0,5-7 6-4 6-3,3,QF,129.0,12.0,2.0,87.0,57.0,43.0,18.0,15.0,2.0,4.0,14.0,7.0,131.0,86.0,54.0,23.0,16.0,21.0,25.0
72,5,Sydney,Apia International,2017-01-08,ATP250,Outdoor,Hard,1st Round,3,Mahut N.,Bellucci T.,38,62.0,1122,771.0,6.0,2.0,7.0,6.0,,,,,,,2.0,0.0,Completed,1.61,2.2,1.62,2.05,1.67,2.2,1.68,2.31,1.71,2.31,1.65,2.19,2017-M001,Sydney,Hard,32,A,2017-01-08,273,103917,,,Mahut N.,R,190.0,FRA,34.9678302533,38.0,1122.0,105064,,,Bellucci T.,L,188.0,BRA,29.029431896,62.0,771.0,6-2 7-6(2),3,R32,80.0,6.0,2.0,58.0,39.0,31.0,13.0,10.0,2.0,3.0,2.0,3.0,57.0,33.0,20.0,13.0,10.0,2.0,5.0
73,5,Sydney,Apia International,2017-01-09,ATP250,Outdoor,Hard,1st Round,3,Barton M.,Edmund K.,198,45.0,282,989.0,7.0,6.0,7.0,6.0,,,,,,,2.0,0.0,Completed,3.5,1.28,3.5,1.22,3.75,1.29,3.75,1.31,4.0,1.34,3.57,1.28,2017-M001,Sydney,Hard,32,A,2017-01-09,274,105881,,Q,Barton M.,R,,AUS,25.0622861054,198.0,282.0,106378,,,Edmund K.,R,,GBR,22.0041067762,45.0,989.0,7-6(3) 7-6(5),3,R32,103.0,17.0,4.0,78.0,48.0,39.0,17.0,12.0,2.0,2.0,11.0,4.0,82.0,45.0,38.0,17.0,12.0,2.0,2.0
74,5,Sydney,Apia International,2017-01-09,ATP250,Outdoor,Hard,1st Round,3,Evans D.,Monteiro T.,67,83.0,736,660.0,6.0,3.0,4.0,6.0,6.0,3.0,,,,,2.0,1.0,Completed,1.36,3.0,1.38,2.6,1.4,3.0,1.5,2.77,1.5,3.0,1.43,2.78,2017-M001,Sydney,Hard,32,A,2017-01-09,285,105554,,,Evans D.,R,175.0,GBR,26.6338124572,67.0,736.0,106329,,Q,Monteiro T.,L,,BRA,22.6119096509,83.0,660.0,6-3 4-6 6-3,3,R32,102.0,3.0,3.0,80.0,45.0,30.0,19.0,14.0,1.0,5.0,6.0,1.0,79.0,62.0,39.0,6.0,14.0,3.0,9.0
75,5,Sydney,Apia International,2017-01-09,ATP250,Outdoor,Hard,1st Round,3,Lorenzi P.,Mayer F.,41,49.0,1090,903.0,7.0,6.0,4.0,6.0,7.0,6.0,,,,,2.0,1.0,Completed,2.1,1.66,1.95,1.7,2.1,1.73,2.09,1.81,2.15,1.85,2.05,1.75,2017-M001,Sydney,Hard,32,A,2017-01-09,277,103893,,,Lorenzi P.,R,183.0,ITA,35.0691307324,41.0,1090.0,104252,,,Mayer F.,R,190.0,GER,33.2648870637,49.0,903.0,7-6(4) 4-6 7-6(5),3,R32,153.0,9.0,1.0,106.0,55.0,42.0,33.0,17.0,1.0,3.0,11.0,3.0,113.0,59.0,48.0,29.0,17.0,1.0,2.0
76,5,Sydney,Apia International,2017-01-09,ATP250,Outdoor,Hard,1st Round,3,Kohlschreiber P.,Fognini F.,32,47.0,1325,945.0,6.0,4.0,6.0,4.0,,,,,,,2.0,0.0,Completed,1.53,2.37,1.6,2.1,1.62,2.25,1.61,2.46,1.65,2.46,1.58,2.32,2017-M001,Sydney,Hard,32,A,2017-01-09,279,104259,5.0,,Kohlschreiber P.,R,178.0,GER,33.234770705,32.0,1325.0,104926,,,Fognini F.,R,178.0,ITA,29.6317590691,47.0,945.0,6-4 6-4,3,R32,81.0,5.0,1.0,58.0,38.0,30.0,12.0,10.0,3.0,4.0,2.0,1.0,55.0,27.0,19.0,15.0,10.0,2.0,5.0
77,5,Sydney,Apia International,2017-01-10,ATP250,Outdoor,Hard,1st Round,3,De Minaur A.,Paire B.,333,46.0,144,960.0,6.0,3.0,3.0,6.0,7.0,6.0,,,,,2.0,1.0,Completed,2.37,1.53,2.3,1.48,2.5,1.53,2.6,1.55,2.6,1.63,2.43,1.54,2017-M001,Sydney,Hard,32,A,2017-01-10,281,200282,,WC,De Minaur A.,R,,AUS,17.8945927447,333.0,144.0,105332,,,Paire B.,R,196.0,FRA,27.6741957563,46.0,960.0,6-3 3-6 7-6(1),3,R32,104.0,2.0,4.0,82.0,48.0,35.0,20.0,15.0,2.0,5.0,10.0,7.0,93.0,56.0,38.0,18.0,15.0,3.0,6.0
78,5,Sydney,Apia International,2017-01-10,ATP250,Outdoor,Hard,1st Round,3,Zverev M.,Almagro N.,50,43.0,884,1040.0,6.0,4.0,6.0,2.0,,,,,,,2.0,0.0,Completed,1.72,2.0,1.75,1.85,1.91,1.91,1.84,2.06,1.91,2.06,1.83,1.94,2017-M001,Sydney,Hard,32,A,2017-01-10,282,104999,,,Zverev M.,L,190.0,GER,29.3853524983,50.0,884.0,104597,,,Almagro N.,R,183.0,ESP,31.3867214237,43.0,1040.0,6-4 6-2,3,R32,70.0,12.0,0.0,47.0,35.0,31.0,6.0,9.0,1.0,1.0,7.0,4.0,63.0,26.0,20.0,17.0,9.0,4.0,7.0
79,5,Sydney,Apia International,2017-01-10,ATP250,Outdoor,Hard,1st Round,3,Granollers M.,Giraldo S.,37,90.0,1136,632.0,6.0,7.0,7.0,5.0,6.0,3.0,,,,,2.0,1.0,Completed,1.57,2.25,1.58,2.1,1.57,2.38,1.68,2.31,1.68,2.38,1.62,2.25,2017-M001,Sydney,Hard,32,A,2017-01-10,284,104719,8.0,,Granollers M.,R,190.0,ESP,30.7460643395,37.0,1136.0,105053,,LL,Giraldo S.,R,188.0,COL,29.1197809719,90.0,632.0,6-7(5) 7-5 6-3,3,R32,156.0,5.0,1.0,105.0,71.0,53.0,22.0,17.0,5.0,6.0,4.0,2.0,106.0,67.0,46.0,19.0,16.0,5.0,8.0
80,5,Sydney,Apia International,2017-01-10,ATP250,Outdoor,Hard,1st Round,3,Thompson J.,Basilashvili N.,75,94.0,699,624.0,7.0,5.0,6.0,2.0,,,,,,,2.0,0.0,Completed,,,1.48,2.35,,,1.53,2.67,1.62,2.7,1.5,2.53,2017-M001,Sydney,Hard,32,A,2017-01-10,278,111442,,WC,Thompson J.,R,,AUS,22.7241615332,75.0,699.0,105932,,LL,Basilashvili N.,R,,RUS,24.8788501027,94.0,624.0,7-5 6-2,3,R32,82.0,6.0,1.0,53.0,36.0,24.0,11.0,10.0,1.0,3.0,1.0,5.0,59.0,33.0,18.0,9.0,10.0,1.0,6.0
81,5,Sydney,Apia International,2017-01-11,ATP250,Outdoor,Hard,2nd Round,3,Cuevas P.,Mahut N.,22,38.0,1780,1122.0,6.0,4.0,2.0,6.0,6.0,2.0,,,,,2.0,1.0,Completed,2.1,1.66,2.1,1.6,2.2,1.67,2.39,1.65,2.39,1.7,2.23,1.64,2017-M001,Sydney,Hard,32,A,2017-01-11,288,104655,2.0,,Cuevas P.,R,180.0,URU,31.022587269,22.0,1780.0,103917,,,Mahut N.,R,190.0,FRA,34.9678302533,38.0,1122.0,6-4 2-6 6-2,3,R16,107.0,9.0,3.0,76.0,45.0,35.0,14.0,13.0,2.0,4.0,2.0,2.0,79.0,54.0,33.0,14.0,13.0,3.0,6.0
82,5,Sydney,Apia International,2017-01-11,ATP250,Outdoor,Hard,2nd Round,3,Muller G.,Barton M.,34,198.0,1255,282.0,6.0,1.0,3.0,6.0,6.0,4.0,,,,,2.0,1.0,Completed,1.28,3.5,1.28,3.1,1.3,3.5,1.33,3.64,1.33,3.7,1.3,3.43,2017-M001,Sydney,Hard,32,A,2017-01-11,289,104180,6.0,,Muller G.,L,193.0,LUX,33.6728268309,34.0,1255.0,105881,,Q,Barton M.,R,,AUS,25.0622861054,198.0,282.0,6-1 3-6 6-4,3,R16,102.0,22.0,3.0,64.0,40.0,36.0,15.0,13.0,0.0,1.0,17.0,4.0,96.0,51.0,42.0,15.0,13.0,10.0,13.0
83,5,Sydney,Apia International,2017-01-11,ATP250,Outdoor,Hard,2nd Round,3,Carreno Busta P.,Zverev M.,30,50.0,1370,884.0,3.0,6.0,7.0,6.0,6.0,3.0,,,,,2.0,1.0,Completed,1.8,1.9,1.82,1.82,1.85,1.85,2.07,1.85,2.1,1.91,1.94,1.83,2017-M001,Sydney,Hard,32,A,2017-01-11,293,105807,4.0,,Carreno Busta P.,R,,ESP,25.4976043806,30.0,1370.0,104999,,,Zverev M.,L,190.0,GER,29.3853524983,50.0,884.0,3-6 7-6(4) 6-3,3,R16,130.0,4.0,6.0,101.0,61.0,45.0,21.0,14.0,5.0,6.0,8.0,3.0,112.0,78.0,54.0,18.0,16.0,9.0,11.0
84,5,Sydney,Apia International,2017-01-11,ATP250,Outdoor,Hard,2nd Round,3,Kohlschreiber P.,Thompson J.,32,75.0,1325,699.0,7.0,5.0,6.0,4.0,,,,,,,2.0,0.0,Completed,1.44,2.62,1.45,2.4,1.5,2.62,1.6,2.52,1.6,2.62,1.52,2.5,2017-M001,Sydney,Hard,32,A,2017-01-11,291,104259,5.0,,Kohlschreiber P.,R,178.0,GER,33.234770705,32.0,1325.0,111442,,WC,Thompson J.,R,,AUS,22.7241615332,75.0,699.0,7-5 6-4,3,R16,84.0,5.0,1.0,65.0,38.0,30.0,16.0,11.0,3.0,4.0,10.0,0.0,61.0,43.0,30.0,7.0,11.0,0.0,3.0
85,5,Sydney,Apia International,2017-01-11,ATP250,Outdoor,Hard,2nd Round,3,Evans D.,Granollers M.,67,37.0,736,1136.0,1.0,6.0,6.0,3.0,6.0,3.0,,,,,2.0,1.0,Completed,2.0,1.72,1.95,1.7,2.0,1.8,1.98,1.93,2.1,1.93,1.99,1.8,2017-M001,Sydney,Hard,32,A,2017-01-11,294,105554,,,Evans D.,R,175.0,GBR,26.6338124572,67.0,736.0,104719,8.0,,Granollers M.,R,190.0,ESP,30.7460643395,37.0,1136.0,1-6 6-3 6-3,3,R16,103.0,5.0,3.0,70.0,42.0,35.0,12.0,12.0,2.0,4.0,3.0,3.0,76.0,51.0,35.0,13.0,13.0,1.0,4.0
86,5,Sydney,Apia International,2017-01-11,ATP250,Outdoor,Hard,2nd Round,3,Troicki V.,Lorenzi P.,29,41.0,1385,1090.0,6.0,3.0,6.0,4.0,,,,,,,2.0,0.0,Completed,1.33,3.25,1.28,3.0,1.36,3.25,1.34,3.61,1.38,3.61,1.33,3.27,2017-M001,Sydney,Hard,32,A,2017-01-11,290,104678,3.0,,Troicki V.,R,193.0,SRB,30.9130732375,29.0,1385.0,103893,,,Lorenzi P.,R,183.0,ITA,35.0691307324,41.0,1090.0,6-3 6-4,3,R16,92.0,12.0,1.0,55.0,33.0,30.0,12.0,10.0,1.0,1.0,3.0,5.0,83.0,49.0,34.0,14.0,9.0,8.0,10.0
87,5,Sydney,Apia International,2017-01-11,ATP250,Outdoor,Hard,2nd Round,3,Thiem D.,Elias G.,8,81.0,3415,675.0,6.0,7.0,6.0,3.0,7.0,5.0,,,,,2.0,1.0,Completed,1.12,6.0,1.12,4.8,1.14,5.5,1.16,6.27,1.17,6.27,1.14,5.53,2017-M001,Sydney,Hard,32,A,2017-01-11,295,106233,1.0,,Thiem D.,R,,AUT,23.3511293634,8.0,3415.0,105671,,Q,Elias G.,R,178.0,POR,26.1273100616,81.0,675.0,6-7(5) 6-3 7-5,3,R16,159.0,5.0,5.0,103.0,60.0,41.0,24.0,17.0,3.0,7.0,6.0,2.0,118.0,65.0,39.0,26.0,16.0,6.0,12.0
88,5,Sydney,Apia International,2017-01-12,ATP250,Outdoor,Hard,Quarterfinals,3,Muller G.,Cuevas P.,34,22.0,1255,1780.0,7.0,6.0,6.0,4.0,,,,,,,2.0,0.0,Completed,1.57,2.25,1.5,2.3,1.57,2.38,1.65,2.42,1.7,2.42,1.62,2.27,2017-M001,Sydney,Hard,32,A,2017-01-12,296,104180,6.0,,Muller G.,L,193.0,LUX,33.6728268309,34.0,1255.0,104655,2.0,,Cuevas P.,R,180.0,URU,31.022587269,22.0,1780.0,7-6(5) 6-4,3,QF,96.0,17.0,2.0,72.0,47.0,36.0,13.0,11.0,1.0,2.0,5.0,1.0,73.0,50.0,30.0,17.0,11.0,7.0,9.0
89,5,Sydney,Apia International,2017-01-12,ATP250,Outdoor,Hard,Quarterfinals,3,Troicki V.,Kohlschreiber P.,29,32.0,1385,1325.0,,,,,,,,,,,,,Walkover,1.72,2.0,1.65,1.95,1.8,2.0,1.79,2.17,1.8,2.2,1.75,2.05,2017-M001,Sydney,Hard,32,A,2017-01-12,297,104678,3.0,,Troicki V.,R,193.0,SRB,30.9130732375,29.0,1385.0,104259,5.0,,Kohlschreiber P.,R,178.0,GER,33.234770705,32.0,1325.0,W/O,3,QF,0.0,,,,,,,,,,,,,,,,,,
90,5,Sydney,Apia International,2017-01-12,ATP250,Outdoor,Hard,Quarterfinals,3,Evans D.,Thiem D.,67,8.0,736,3415.0,3.0,6.0,6.0,4.0,6.0,1.0,,,,,2.0,1.0,Completed,3.75,1.25,3.75,1.18,4.0,1.22,3.8,1.32,4.33,1.32,3.87,1.25,2017-M001,Sydney,Hard,32,A,2017-01-12,299,105554,,,Evans D.,R,175.0,GBR,26.6338124572,67.0,736.0,106233,1.0,,Thiem D.,R,,AUT,23.3511293634,8.0,3415.0,3-6 6-4 6-1,3,QF,122.0,1.0,0.0,94.0,45.0,31.0,23.0,13.0,5.0,9.0,2.0,4.0,81.0,49.0,29.0,15.0,13.0,3.0,9.0
91,6,Melbourne,Australian Open,2017-01-16,Grand Slam,Outdoor,Hard,1st Round,5,De Minaur A.,Melzer G.,301,87.0,164,648.0,5.0,7.0,6.0,3.0,2.0,6.0,7.0,6.0,6.0,1.0,3.0,2.0,Completed,2.5,1.53,2.2,1.52,2.5,1.53,2.5,1.6,2.62,1.6,2.45,1.54,2017-580,Australian Open,Hard,128,G,2017-01-16,102,200282,,,De Minaur A.,R,,AUS,17.9137577002,301.0,164.0,105589,,,Melzer G.,L,,AUT,26.5133470226,87.0,648.0,5-7 6-3 2-6 7-6(2) 6-1,5,R128,222.0,12.0,7.0,167.0,96.0,65.0,34.0,24.0,12.0,19.0,4.0,6.0,157.0,105.0,65.0,25.0,24.0,13.0,20.0
92,6,Melbourne,Australian Open,2017-01-16,Grand Slam,Outdoor,Hard,1st Round,5,Chardy J.,Almagro N.,72,42.0,705,1040.0,4.0,0.0,,,,,,,,,0.0,0.0,Retired,1.8,2.0,1.82,1.82,1.8,2.0,1.86,2.05,1.86,2.06,1.81,1.97,2017-580,Australian Open,Hard,128,G,2017-01-16,114,104871,,,Chardy J.,R,188.0,FRA,29.9274469541,72.0,705.0,104597,,,Almagro N.,R,183.0,ESP,31.4058863792,42.0,1040.0,4-0 RET,5,R128,23.0,3.0,3.0,20.0,13.0,10.0,3.0,2.0,2.0,2.0,1.0,1.0,15.0,6.0,3.0,2.0,2.0,0.0,2.0
93,6,Melbourne,Australian Open,2017-01-16,Grand Slam,Outdoor,Hard,1st Round,5,Troicki V.,Dzumhur D.,35,78.0,1225,694.0,6.0,4.0,6.0,4.0,2.0,6.0,2.0,6.0,6.0,3.0,3.0,2.0,Completed,1.22,4.33,1.16,4.1,1.22,4.33,1.22,4.93,1.25,4.93,1.22,4.25,2017-580,Australian Open,Hard,128,G,2017-01-16,119,104678,29.0,,Troicki V.,R,193.0,SRB,30.932238193,35.0,1225.0,106000,,,Dzumhur D.,R,172.0,BIH,24.6598220397,78.0,694.0,6-4 6-4 2-6 2-6 6-3,5,R128,166.0,14.0,2.0,123.0,79.0,57.0,25.0,23.0,5.0,11.0,1.0,8.0,143.0,80.0,57.0,31.0,22.0,10.0,15.0
94,6,Melbourne,Australian Open,2017-01-16,Grand Slam,Outdoor,Hard,1st Round,5,Harrison R.,Mahut N.,82,41.0,664,1085.0,6.0,3.0,6.0,4.0,6.0,2.0,,,,,3.0,0.0,Completed,1.66,2.2,1.58,2.1,1.73,2.1,1.72,2.25,1.77,2.25,1.68,2.15,2017-580,Australian Open,Hard,128,G,2017-01-16,109,105992,,,Harrison R.,R,183.0,USA,24.6954140999,82.0,664.0,103917,,,Mahut N.,R,190.0,FRA,34.9869952088,41.0,1085.0,6-3 6-4 6-2,5,R128,122.0,8.0,3.0,77.0,49.0,38.0,14.0,14.0,4.0,6.0,1.0,5.0,95.0,56.0,33.0,16.0,13.0,8.0,14.0
95,6,Melbourne,Australian Open,2017-01-16,Grand Slam,Outdoor,Hard,1st Round,5,Querrey S.,Halys Q.,32,155.0,1355,379.0,6.0,7.0,7.0,6.0,6.0,3.0,6.0,4.0,,,3.0,1.0,Completed,1.36,3.25,1.28,3.0,1.4,3.0,1.43,3.08,1.43,3.25,1.36,3.1,2017-580,Australian Open,Hard,128,G,2017-01-16,103,105023,31.0,,Querrey S.,R,198.0,USA,29.2785763176,32.0,1355.0,111460,,,Halys Q.,R,,FRA,20.2245037645,155.0,379.0,6-7(10) 7-6(4) 6-3 6-4,5,R128,165.0,31.0,10.0,133.0,81.0,72.0,23.0,22.0,3.0,6.0,24.0,9.0,151.0,89.0,66.0,33.0,21.0,11.0,16.0
96,6,Melbourne,Australian Open,2017-01-16,Grand Slam,Outdoor,Hard,1st Round,5,Berdych T.,Vanni L.,10,157.0,3060,373.0,6.0,1.0,,,,,,,,,1.0,0.0,Retired,1.04,13.0,1.02,7.5,1.03,10.0,1.05,13.96,1.08,14.65,1.04,11.34,2017-580,Australian Open,Hard,128,G,2017-01-16,108,104607,10.0,,Berdych T.,R,196.0,CZE,31.3319644079,10.0,3060.0,104563,,,Vanni L.,R,,ITA,31.6194387406,157.0,373.0,6-1 RET,5,R128,32.0,2.0,2.0,22.0,10.0,8.0,9.0,4.0,1.0,1.0,1.0,2.0,26.0,16.0,8.0,4.0,3.0,1.0,3.0
97,6,Melbourne,Australian Open,2017-01-16,Grand Slam,Outdoor,Hard,1st Round,5,Tomic B.,Bellucci T.,27,62.0,1420,771.0,6.0,2.0,6.0,1.0,6.0,4.0,,,,,3.0,0.0,Completed,1.4,3.0,1.33,2.85,1.44,2.75,1.4,3.23,1.44,3.23,1.39,2.97,2017-580,Australian Open,Hard,128,G,2017-01-16,128,106071,27.0,,Tomic B.,R,193.0,AUS,24.2381930185,27.0,1420.0,105064,,,Bellucci T.,L,188.0,BRA,29.0485968515,62.0,771.0,6-2 6-1 6-4,5,R128,97.0,12.0,2.0,70.0,44.0,39.0,17.0,13.0,3.0,3.0,10.0,3.0,83.0,53.0,33.0,12.0,12.0,7.0,12.0
98,6,Melbourne,Australian Open,2017-01-16,Grand Slam,Outdoor,Hard,1st Round,5,Isner J.,Kravchuk K.,19,88.0,1850,642.0,6.0,3.0,6.0,4.0,6.0,7.0,6.0,1.0,,,3.0,1.0,Completed,1.11,6.5,1.09,5.5,1.1,6.5,1.1,8.67,1.12,8.67,1.1,6.71,2017-580,Australian Open,Hard,128,G,2017-01-16,104,104545,19.0,,Isner J.,R,206.0,USA,31.7262149213,19.0,1850.0,104505,,,Kravchuk K.,R,190.0,RUS,31.8959616701,88.0,642.0,6-3 6-4 6-7(5) 6-1,5,R128,143.0,33.0,6.0,111.0,79.0,67.0,20.0,19.0,2.0,2.0,19.0,4.0,112.0,74.0,59.0,17.0,19.0,6.0,10.0
99,6,Melbourne,Australian Open,2017-01-16,Grand Slam,Outdoor,Hard,1st Round,5,Cilic M.,Janowicz J.,7,273.0,3605,186.0,4.0,6.0,4.0,6.0,6.0,2.0,6.0,2.0,6.0,3.0,3.0,2.0,Completed,1.1,7.0,1.08,5.5,1.09,7.0,1.12,7.65,1.12,7.65,1.1,6.78,2017-580,Australian Open,Hard,128,G,2017-01-16,131,105227,7.0,,Cilic M.,R,198.0,CRO,28.3011635866,7.0,3605.0,105668,,,Janowicz J.,R,203.0,POL,26.1765913758,273.0,186.0,4-6 4-6 6-2 6-2 6-3,5,R128,184.0,26.0,8.0,123.0,71.0,60.0,30.0,23.0,2.0,4.0,18.0,7.0,145.0,99.0,63.0,26.0,22.0,6.0,12.0
100,6,Melbourne,Australian Open,2017-01-16,Grand Slam,Outdoor,Hard,1st Round,5,Jaziri M.,Soeda G.,56,139.0,824,431.0,6.0,3.0,6.0,4.0,6.0,3.0,,,,,3.0,0.0,Completed,1.61,2.3,1.5,2.3,1.57,2.25,1.58,2.56,1.67,2.56,1.57,2.37,2017-580,Australian Open,Hard,128,G,2017-01-16,106,104291,,,Jaziri M.,R,185.0,TUN,32.9911019849,56.0,824.0,104424,,,Soeda G.,R,178.0,JPN,32.3641341547,139.0,431.0,6-3 6-4 6-3,5,R128,120.0,7.0,4.0,77.0,35.0,30.0,23.0,14.0,2.0,4.0,5.0,2.0,99.0,53.0,36.0,16.0,14.0,8.0,14.0
101,6,Melbourne,Australian Open,2017-01-16,Grand Slam,Outdoor,Hard,1st Round,5,Murray A.,Marchenko I.,1,95.0,12560,624.0,7.0,5.0,7.0,6.0,6.0,2.0,,,,,3.0,0.0,Completed,1.005,29.0,1.0,10.0,1.01,26.0,1.01,29.16,1.02,60.08,1.01,22.91,2017-580,Australian Open,Hard,128,G,2017-01-16,100,104918,1.0,,Murray A.,R,190.0,GBR,29.6755646817,1.0,12560.0,105011,,,Marchenko I.,R,185.0,UKR,29.3579739904,95.0,624.0,7-5 7-6(5) 6-2,5,R128,167.0,10.0,4.0,112.0,54.0,45.0,25.0,16.0,2.0,5.0,6.0,6.0,99.0,53.0,35.0,19.0,16.0,2.0,8.0
102,6,Melbourne,Australian Open,2017-01-16,Grand Slam,Outdoor,Hard,1st Round,5,Lajovic D.,Robert S.,94,55.0,627,854.0,6.0,3.0,6.0,3.0,6.0,3.0,,,,,3.0,0.0,Completed,2.0,1.8,1.95,1.65,2.0,1.8,1.92,1.99,2.16,1.99,2.01,1.79,2017-580,Australian Open,Hard,128,G,2017-01-16,125,105583,,,Lajovic D.,R,180.0,SRB,26.5489390828,94.0,627.0,103565,,,Robert S.,R,185.0,FRA,36.6680355921,55.0,854.0,6-3 6-3 6-3,5,R128,119.0,4.0,4.0,96.0,57.0,42.0,17.0,14.0,7.0,9.0,3.0,5.0,100.0,54.0,29.0,23.0,13.0,7.0,13.0
103,6,Melbourne,Australian Open,2017-01-16,Grand Slam,Outdoor,Hard,1st Round,5,Khachanov K.,Mannarino A.,52,61.0,875,781.0,6.0,4.0,3.0,6.0,7.0,6.0,6.0,3.0,,,3.0,1.0,Completed,1.66,2.2,1.6,2.05,1.73,2.1,1.76,2.19,1.77,2.25,1.7,2.12,2017-580,Australian Open,Hard,128,G,2017-01-16,126,111575,,,Khachanov K.,R,,RUS,20.6570841889,52.0,875.0,105173,,,Mannarino A.,L,183.0,FRA,28.5503080082,61.0,781.0,6-4 3-6 7-6(9) 6-3,5,R128,166.0,32.0,4.0,126.0,76.0,66.0,25.0,20.0,5.0,6.0,8.0,1.0,142.0,91.0,65.0,29.0,20.0,7.0,10.0
104,6,Melbourne,Australian Open,2017-01-16,Grand Slam,Outdoor,Hard,1st Round,5,Lorenzi P.,Duckworth J.,43,107.0,1033,557.0,6.0,4.0,7.0,6.0,6.0,7.0,6.0,4.0,,,3.0,1.0,Completed,2.2,1.66,2.1,1.6,2.2,1.67,2.44,1.63,2.44,1.85,2.17,1.67,2017-580,Australian Open,Hard,128,G,2017-01-16,118,103893,,,Lorenzi P.,R,183.0,ITA,35.0882956879,43.0,1033.0,105902,,,Duckworth J.,R,183.0,AUS,24.9883641342,107.0,557.0,6-4 7-6(4) 6-7(4) 6-4,5,R128,195.0,10.0,5.0,141.0,81.0,64.0,30.0,22.0,7.0,9.0,8.0,7.0,142.0,71.0,56.0,35.0,22.0,3.0,7.0
105,6,Melbourne,Australian Open,2017-01-16,Grand Slam,Outdoor,Hard,1st Round,5,Rubin N.,Fratangelo B.,200,113.0,274,519.0,6.0,7.0,7.0,5.0,3.0,6.0,6.0,2.0,6.0,2.0,3.0,2.0,Completed,2.37,1.57,2.1,1.58,2.2,1.62,2.35,1.67,2.55,1.67,2.31,1.6,2017-580,Australian Open,Hard,128,G,2017-01-16,110,111511,,,Rubin N.,R,,USA,20.9034907598,200.0,274.0,106216,,,Fratangelo B.,R,,USA,23.4962354552,113.0,519.0,6-7(4) 7-5 3-6 6-2 6-2,5,R128,188.0,15.0,6.0,160.0,94.0,70.0,31.0,25.0,5.0,10.0,9.0,8.0,174.0,112.0,78.0,21.0,24.0,6.0,14.0
106,6,Melbourne,Australian Open,2017-01-16,Grand Slam,Outdoor,Hard,1st Round,5,Bublik A.,Pouille L.,207,16.0,268,2131.0,6.0,0.0,3.0,6.0,6.0,3.0,6.0,4.0,,,3.0,1.0,Completed,4.0,1.25,3.75,1.2,3.75,1.25,4.01,1.29,4.5,1.29,3.96,1.25,2017-580,Australian Open,Hard,128,G,2017-01-16,107,122330,,,Bublik A.,R,,RUS,19.5838466804,207.0,268.0,106298,16.0,,Pouille L.,R,,FRA,22.8966461328,16.0,2131.0,6-0 3-6 6-3 6-4,5,R128,103.0,16.0,9.0,95.0,50.0,43.0,19.0,17.0,3.0,6.0,6.0,7.0,95.0,55.0,40.0,14.0,17.0,4.0,11.0
107,6,Melbourne,Australian Open,2017-01-16,Grand Slam,Outdoor,Hard,1st Round,5,Sela D.,Granollers M.,67,38.0,731,1123.0,5.0,7.0,6.0,3.0,6.0,2.0,6.0,0.0,,,3.0,1.0,Completed,2.0,1.8,1.95,1.7,2.0,1.73,2.06,1.85,2.06,1.89,1.98,1.8,2017-580,Australian Open,Hard,128,G,2017-01-16,113,104534,,,Sela D.,R,175.0,ISR,31.7864476386,67.0,731.0,104719,,,Granollers M.,R,190.0,ESP,30.765229295,38.0,1123.0,5-7 6-3 6-2 6-0,5,R128,154.0,1.0,3.0,113.0,84.0,54.0,13.0,18.0,4.0,8.0,4.0,2.0,112.0,69.0,38.0,16.0,17.0,8.0,18.0
108,6,Melbourne,Australian Open,2017-01-16,Grand Slam,Outdoor,Hard,1st Round,5,Evans D.,Bagnis F.,51,65.0,886,739.0,7.0,6.0,6.0,3.0,6.0,1.0,,,,,3.0,0.0,Completed,1.3,3.5,1.22,3.5,1.33,3.4,1.32,3.73,1.33,4.0,1.28,3.61,2017-580,Australian Open,Hard,128,G,2017-01-16,130,105554,,,Evans D.,R,175.0,GBR,26.6529774127,51.0,886.0,105487,,,Bagnis F.,L,,ARG,26.8856947296,65.0,739.0,7-6(8) 6-3 6-1,5,R128,115.0,14.0,3.0,88.0,53.0,44.0,21.0,14.0,2.0,2.0,11.0,4.0,94.0,50.0,34.0,18.0,14.0,6.0,10.0
109,6,Melbourne,Australian Open,2017-01-16,Grand Slam,Outdoor,Hard,1st Round,5,Johnson S.,Delbonis F.,30,44.0,1390,1030.0,6.0,3.0,6.0,4.0,6.0,4.0,,,,,3.0,0.0,Completed,1.28,3.75,1.17,4.0,1.29,3.75,1.29,3.97,1.3,4.0,1.26,3.8,2017-580,Australian Open,Hard,128,G,2017-01-16,117,105449,,,Johnson S.,R,188.0,USA,27.0636550308,30.0,1390.0,105643,,,Delbonis F.,L,190.0,ARG,26.2833675565,44.0,1030.0,6-3 6-4 6-4,5,R128,120.0,17.0,1.0,79.0,43.0,40.0,23.0,15.0,2.0,2.0,2.0,5.0,85.0,49.0,37.0,15.0,14.0,3.0,6.0
110,6,Melbourne,Australian Open,2017-01-16,Grand Slam,Outdoor,Hard,1st Round,5,Kyrgios N.,Elias G.,13,77.0,2460,698.0,6.0,1.0,6.0,2.0,6.0,2.0,,,,,3.0,0.0,Completed,1.06,9.0,1.06,6.0,1.08,8.0,1.08,9.87,1.11,9.9,1.07,8.06,2017-580,Australian Open,Hard,128,G,2017-01-16,123,106401,14.0,,Kyrgios N.,R,,AUS,21.7248459959,13.0,2460.0,105671,,,Elias G.,R,178.0,POR,26.1464750171,77.0,698.0,6-1 6-2 6-2,5,R128,84.0,8.0,3.0,64.0,37.0,30.0,21.0,12.0,0.0,0.0,4.0,3.0,67.0,34.0,20.0,13.0,11.0,5.0,11.0
111,6,Melbourne,Australian Open,2017-01-16,Grand Slam,Outdoor,Hard,1st Round,5,Wawrinka S.,Klizan M.,4,34.0,5155,1230.0,4.0,6.0,6.0,4.0,7.0,5.0,4.0,6.0,6.0,4.0,3.0,2.0,Completed,1.05,11.0,1.02,7.5,1.04,11.0,1.07,11.52,1.07,12.0,1.05,10.2,2017-580,Australian Open,Hard,128,G,2017-01-16,116,104527,4.0,,Wawrinka S.,R,183.0,SUI,31.8056125941,4.0,5155.0,105373,,,Klizan M.,L,190.0,SVK,27.5181382615,34.0,1230.0,4-6 6-4 7-5 4-6 6-4,5,R128,204.0,21.0,6.0,160.0,102.0,78.0,27.0,26.0,11.0,16.0,7.0,2.0,157.0,120.0,77.0,24.0,26.0,10.0,16.0
112,6,Melbourne,Australian Open,2017-01-16,Grand Slam,Outdoor,Hard,1st Round,5,Darcis S.,Groth S.,71,162.0,707,355.0,3.0,6.0,6.0,3.0,6.0,2.0,6.0,2.0,,,3.0,1.0,Completed,1.57,2.37,1.5,2.25,1.57,2.25,1.59,2.52,1.65,2.52,1.57,2.35,2017-580,Australian Open,Hard,128,G,2017-01-16,121,104327,,,Darcis S.,R,178.0,BEL,32.8459958932,71.0,707.0,105032,,,Groth S.,R,,AUS,29.2457221081,162.0,355.0,3-6 6-3 6-2 6-2,5,R128,130.0,3.0,0.0,91.0,58.0,48.0,18.0,17.0,1.0,2.0,19.0,8.0,115.0,63.0,44.0,24.0,17.0,5.0,10.0
113,6,Melbourne,Australian Open,2017-01-16,Grand Slam,Outdoor,Hard,1st Round,5,Federer R.,Melzer J.,17,300.0,1980,164.0,7.0,5.0,3.0,6.0,6.0,2.0,6.0,2.0,,,3.0,1.0,Completed,1.04,13.0,1.02,7.5,1.06,11.0,1.05,13.44,1.07,14.27,1.04,11.25,2017-580,Australian Open,Hard,128,G,2017-01-16,111,103819,17.0,,Federer R.,R,185.0,SUI,35.4414784394,17.0,1980.0,103781,,,Melzer J.,L,183.0,AUT,35.6550308008,300.0,164.0,7-5 3-6 6-2 6-2,5,R128,125.0,19.0,1.0,103.0,66.0,51.0,20.0,19.0,1.0,4.0,4.0,1.0,111.0,83.0,47.0,15.0,18.0,2.0,9.0
114,6,Melbourne,Australian Open,2017-01-17,Grand Slam,Outdoor,Hard,1st Round,5,Kohlschreiber P.,Basilashvili N.,33,92.0,1325,630.0,6.0,4.0,3.0,6.0,7.0,6.0,6.0,4.0,,,3.0,1.0,Completed,1.22,4.33,1.18,3.9,1.22,4.0,1.24,4.65,1.26,4.65,1.22,4.23,2017-580,Australian Open,Hard,128,G,2017-01-17,135,104259,32.0,,Kohlschreiber P.,R,178.0,GER,33.2539356605,33.0,1325.0,105932,,,Basilashvili N.,R,,RUS,24.8980150582,92.0,630.0,6-4 3-6 7-6(2) 6-4,5,R128,151.0,12.0,4.0,114.0,66.0,51.0,28.0,21.0,4.0,7.0,3.0,2.0,137.0,95.0,64.0,21.0,20.0,3.0,7.0
115,6,Melbourne,Australian Open,2017-01-17,Grand Slam,Outdoor,Hard,1st Round,5,Dutra Silva R.,Donaldson J.,439,101.0,92,596.0,3.0,6.0,0.0,6.0,6.0,1.0,6.0,4.0,6.0,4.0,3.0,2.0,Completed,4.0,1.25,3.5,1.2,3.75,1.25,4.3,1.26,4.33,1.27,4.02,1.23,2017-580,Australian Open,Hard,128,G,2017-01-17,145,104297,,,Dutra Silva R.,R,178.0,BRA,32.9527720739,100.0,600.0,111577,,,Donaldson J.,R,,USA,20.2710472279,101.0,596.0,3-6 0-6 6-1 6-4 6-4,5,R128,185.0,13.0,3.0,130.0,77.0,54.0,26.0,21.0,7.0,12.0,9.0,5.0,132.0,78.0,52.0,29.0,21.0,8.0,13.0
116,6,Melbourne,Australian Open,2017-01-17,Grand Slam,Outdoor,Hard,1st Round,5,Young D.,Fabbiano T.,85,141.0,651,427.0,6.0,4.0,7.0,6.0,6.0,4.0,,,,,3.0,0.0,Completed,1.44,2.75,1.42,2.4,1.53,2.5,1.5,2.79,1.55,2.8,1.5,2.57,2017-580,Australian Open,Hard,128,G,2017-01-17,134,105385,,,Young D.,L,183.0,USA,27.485284052,85.0,651.0,105341,,,Fabbiano T.,R,,ITA,27.6440793977,141.0,427.0,6-4 7-6(1) 6-4,5,R128,150.0,8.0,6.0,118.0,67.0,48.0,23.0,16.0,10.0,14.0,1.0,5.0,114.0,65.0,35.0,27.0,16.0,7.0,13.0
117,6,Melbourne,Australian Open,2017-01-17,Grand Slam,Outdoor,Hard,1st Round,5,Simon G.,Mmoh M.,25,190.0,1585,297.0,6.0,1.0,6.0,3.0,6.0,3.0,,,,,3.0,0.0,Completed,1.16,5.0,1.15,4.3,1.17,5.0,1.19,5.42,1.2,5.41,1.17,4.87,2017-580,Australian Open,Hard,128,G,2017-01-17,144,104468,25.0,,Simon G.,R,183.0,FRA,32.0547570157,25.0,1585.0,111581,,,Mmoh M.,R,,USA,19.0171115674,190.0,297.0,6-1 6-3 6-3,5,R128,110.0,2.0,3.0,83.0,39.0,25.0,31.0,13.0,4.0,5.0,4.0,4.0,77.0,51.0,28.0,10.0,12.0,2.0,8.0
118,6,Melbourne,Australian Open,2017-01-17,Grand Slam,Outdoor,Hard,1st Round,5,Zverev A.,Haase R.,24,57.0,1655,808.0,6.0,2.0,3.0,6.0,5.0,7.0,6.0,3.0,6.0,2.0,3.0,2.0,Completed,1.1,7.0,1.08,5.6,1.12,6.0,1.13,7.38,1.17,7.38,1.11,6.41,2017-580,Australian Open,Hard,128,G,2017-01-17,136,100644,24.0,,Zverev A.,R,,GER,19.742642026,24.0,1655.0,104898,,,Haase R.,R,190.0,NED,29.7823408624,57.0,808.0,6-2 3-6 5-7 6-3 6-2,5,R128,174.0,17.0,10.0,144.0,92.0,69.0,24.0,23.0,12.0,16.0,13.0,11.0,140.0,81.0,60.0,24.0,23.0,7.0,14.0
119,6,Melbourne,Australian Open,2017-01-17,Grand Slam,Outdoor,Hard,1st Round,5,Berlocq C.,Albot R.,90,96.0,632,614.0,6.0,4.0,7.0,6.0,5.0,7.0,7.0,6.0,,,3.0,1.0,Completed,2.0,1.8,1.85,1.75,1.83,1.83,1.9,2.01,2.0,2.01,1.89,1.88,2017-580,Australian Open,Hard,128,G,2017-01-17,158,104122,,,Berlocq C.,R,183.0,ARG,33.9520876112,90.0,632.0,105430,,,Albot R.,R,,MDA,27.1813826146,96.0,614.0,6-4 7-6(4) 5-7 7-6(8),5,R128,236.0,18.0,5.0,157.0,92.0,70.0,34.0,23.0,8.0,12.0,7.0,2.0,154.0,110.0,74.0,25.0,23.0,5.0,9.0
120,6,Melbourne,Australian Open,2017-01-17,Grand Slam,Outdoor,Hard,1st Round,5,Nishioka Y.,Bolt A.,99,632.0,602,46.0,6.0,4.0,1.0,6.0,6.0,2.0,6.0,4.0,,,3.0,1.0,Completed,1.53,2.5,1.48,2.35,1.57,2.38,1.61,2.47,1.61,2.6,1.53,2.48,2017-580,Australian Open,Hard,128,G,2017-01-17,141,106415,,,Nishioka Y.,L,,JPN,21.3059548255,99.0,602.0,106109,,,Bolt A.,L,,AUS,24.0301163587,632.0,46.0,6-4 1-6 6-2 6-4,5,R128,150.0,1.0,4.0,115.0,67.0,46.0,26.0,18.0,4.0,7.0,19.0,5.0,118.0,72.0,50.0,20.0,17.0,5.0,10.0
121,6,Melbourne,Australian Open,2017-01-17,Grand Slam,Outdoor,Hard,1st Round,5,Raonic M.,Brown D.,3,66.0,5290,738.0,6.0,3.0,6.0,4.0,6.0,2.0,,,,,3.0,0.0,Completed,1.05,11.0,1.01,8.5,1.04,11.0,1.03,17.76,1.06,17.76,1.04,10.88,2017-580,Australian Open,Hard,128,G,2017-01-17,147,105683,3.0,,Raonic M.,R,196.0,CAN,26.0561259411,3.0,5290.0,104460,,,Brown D.,R,196.0,GER,32.1067761807,66.0,738.0,6-3 6-4 6-2,5,R128,92.0,18.0,5.0,79.0,50.0,41.0,18.0,14.0,3.0,3.0,3.0,7.0,93.0,55.0,34.0,20.0,13.0,6.0,10.0
122,6,Melbourne,Australian Open,2017-01-17,Grand Slam,Outdoor,Hard,1st Round,5,Goffin D.,Opelka R.,11,208.0,2750,267.0,6.0,4.0,4.0,6.0,6.0,2.0,4.0,6.0,6.0,4.0,3.0,2.0,Completed,1.16,5.0,1.11,4.9,1.17,5.0,1.16,6.2,1.17,6.33,1.14,5.48,2017-580,Australian Open,Hard,128,G,2017-01-17,155,105676,11.0,,Goffin D.,R,163.0,BEL,26.1108829569,11.0,2750.0,124187,,,Opelka R.,U,,USA,19.3867214237,208.0,267.0,6-4 4-6 6-2 4-6 6-4,5,R128,176.0,13.0,7.0,148.0,79.0,61.0,42.0,24.0,6.0,8.0,21.0,7.0,144.0,85.0,64.0,28.0,24.0,2.0,6.0
123,6,Melbourne,Australian Open,2017-01-17,Grand Slam,Outdoor,Hard,1st Round,5,Tiafoe F.,Kukushkin M.,108,98.0,550,602.0,6.0,1.0,6.0,7.0,6.0,3.0,6.0,2.0,,,3.0,1.0,Completed,1.53,2.5,1.42,2.4,1.53,2.38,1.56,2.62,1.57,2.65,1.54,2.45,2017-580,Australian Open,Hard,128,G,2017-01-17,137,126207,,,Tiafoe F.,R,,USA,18.9897330595,108.0,550.0,105062,,,Kukushkin M.,R,183.0,KAZ,29.0595482546,98.0,602.0,6-1 6-7(3) 6-3 6-2,5,R128,157.0,13.0,4.0,114.0,63.0,51.0,28.0,18.0,4.0,5.0,9.0,3.0,111.0,65.0,44.0,22.0,18.0,8.0,14.0
124,6,Melbourne,Australian Open,2017-01-17,Grand Slam,Outdoor,Hard,1st Round,5,Carreno Busta P.,Polansky P.,31,132.0,1370,454.0,6.0,0.0,3.0,6.0,3.0,6.0,6.0,2.0,3.0,0.0,2.0,2.0,Retired,1.22,4.33,1.22,3.4,1.2,4.33,1.24,4.65,1.26,4.65,1.22,4.24,2017-580,Australian Open,Hard,128,G,2017-01-17,160,105807,30.0,,Carreno Busta P.,R,,ESP,25.5167693361,31.0,1370.0,105166,,,Polansky P.,R,180.0,CAN,28.5886379192,132.0,454.0,6-0 3-6 3-6 6-2 3-0 RET,5,R128,143.0,20.0,8.0,101.0,59.0,49.0,19.0,18.0,3.0,7.0,10.0,5.0,123.0,73.0,41.0,22.0,17.0,13.0,20.0
125,6,Melbourne,Australian Open,2017-01-17,Grand Slam,Outdoor,Hard,1st Round,5,Nadal R.,Mayer F.,9,49.0,3195,903.0,6.0,3.0,6.0,4.0,6.0,4.0,,,,,3.0,0.0,Completed,1.04,11.0,1.03,7.25,1.05,10.0,1.04,15.91,1.07,15.95,1.04,11.02,2017-580,Australian Open,Hard,128,G,2017-01-17,139,104745,9.0,,Nadal R.,L,185.0,ESP,30.6228610541,9.0,3195.0,104252,,,Mayer F.,R,190.0,GER,33.2840520192,49.0,903.0,6-3 6-4 6-4,5,R128,124.0,6.0,0.0,76.0,53.0,41.0,19.0,15.0,0.0,0.0,7.0,1.0,102.0,66.0,41.0,22.0,14.0,9.0,12.0
126,6,Melbourne,Australian Open,2017-01-17,Grand Slam,Outdoor,Hard,1st Round,5,Edmund K.,Giraldo S.,46,91.0,989,631.0,6.0,2.0,7.0,5.0,6.0,3.0,,,,,3.0,0.0,Completed,1.3,3.5,1.25,3.3,1.29,3.75,1.34,3.63,1.34,3.75,1.29,3.49,2017-580,Australian Open,Hard,128,G,2017-01-17,161,106378,,,Edmund K.,R,,GBR,22.0232717317,46.0,989.0,105053,,,Giraldo S.,R,188.0,COL,29.1389459274,91.0,631.0,6-2 7-5 6-3,5,R128,110.0,12.0,2.0,78.0,43.0,39.0,20.0,15.0,0.0,1.0,6.0,4.0,85.0,48.0,32.0,17.0,14.0,5.0,10.0
127,6,Melbourne,Australian Open,2017-01-17,Grand Slam,Outdoor,Hard,1st Round,5,Baghdatis M.,Youzhny M.,36,70.0,1210,707.0,6.0,3.0,3.0,0.0,,,,,,,1.0,0.0,Retired,1.57,2.37,1.55,2.2,1.62,2.25,1.66,2.37,1.66,2.4,1.6,2.31,2017-580,Australian Open,Hard,128,G,2017-01-17,138,104571,,,Baghdatis M.,R,183.0,CYP,31.5838466804,36.0,1210.0,104022,,,Youzhny M.,R,183.0,RUS,34.5626283368,70.0,707.0,6-3 3-0 RET,5,R128,65.0,4.0,1.0,36.0,17.0,15.0,11.0,6.0,2.0,2.0,1.0,2.0,49.0,31.0,18.0,7.0,6.0,7.0,10.0
128,6,Melbourne,Australian Open,2017-01-17,Grand Slam,Outdoor,Hard,1st Round,5,Whittington A.,Pavlasek A.,194,86.0,289,649.0,6.0,4.0,4.0,6.0,6.0,2.0,6.0,3.0,,,3.0,1.0,Completed,3.0,1.4,2.5,1.4,2.75,1.44,3.14,1.42,3.14,1.51,2.79,1.43,2017-580,Australian Open,Hard,128,G,2017-01-17,153,106225,,,Whittington A.,R,,AUS,23.4332648871,194.0,289.0,106361,,,Pavlasek A.,R,,CZE,22.2751540041,86.0,649.0,6-4 4-6 6-2 6-3,5,R128,145.0,12.0,10.0,112.0,65.0,49.0,26.0,19.0,5.0,7.0,13.0,3.0,107.0,66.0,47.0,16.0,18.0,3.0,9.0
129,6,Melbourne,Australian Open,2017-01-17,Grand Slam,Outdoor,Hard,1st Round,5,Bautista Agut R.,Pella G.,14,81.0,2350,685.0,6.0,3.0,6.0,1.0,6.0,1.0,,,,,3.0,0.0,Completed,1.08,8.0,1.04,7.0,1.05,10.0,1.11,8.36,1.11,10.0,1.08,7.88,2017-580,Australian Open,Hard,128,G,2017-01-17,140,105138,13.0,,Bautista Agut R.,R,,ESP,28.758384668,14.0,2350.0,105550,,,Pella G.,L,,ARG,26.6694045175,81.0,685.0,6-3 6-1 6-1,5,R128,83.0,7.0,1.0,60.0,38.0,37.0,12.0,12.0,1.0,1.0,5.0,5.0,67.0,40.0,23.0,8.0,11.0,6.0,12.0
130,6,Melbourne,Australian Open,2017-01-17,Grand Slam,Outdoor,Hard,1st Round,5,Gasquet R.,Mott B.,18,287.0,1885,173.0,6.0,4.0,6.0,4.0,6.0,2.0,,,,,3.0,0.0,Completed,1.02,17.0,1.01,8.75,1.02,15.0,1.03,18.6,1.04,18.6,1.02,14.26,2017-580,Australian Open,Hard,128,G,2017-01-17,159,104755,18.0,,Gasquet R.,R,185.0,FRA,30.5817932923,18.0,1885.0,106425,,,Mott B.,U,,AUS,20.7392197125,287.0,173.0,6-4 6-4 6-2,5,R128,113.0,2.0,1.0,82.0,53.0,38.0,20.0,14.0,0.0,1.0,7.0,3.0,78.0,49.0,31.0,15.0,14.0,3.0,8.0
131,6,Melbourne,Australian Open,2017-01-17,Grand Slam,Outdoor,Hard,1st Round,5,Thompson J.,Sousa J.,76,37.0,699,1135.0,6.0,7.0,4.0,6.0,6.0,3.0,6.0,2.0,6.0,1.0,3.0,2.0,Completed,2.5,1.53,2.35,1.45,2.38,1.57,2.66,1.54,2.67,1.6,2.48,1.52,2017-580,Australian Open,Hard,128,G,2017-01-17,149,111442,,,Thompson J.,R,,AUS,22.7433264887,76.0,699.0,105311,,,Sousa J.,R,,POR,27.8001368925,37.0,1135.0,6-7(2) 4-6 6-3 6-2 6-1,5,R128,201.0,23.0,1.0,146.0,97.0,71.0,26.0,23.0,8.0,11.0,4.0,5.0,132.0,73.0,49.0,31.0,23.0,5.0,13.0
132,6,Melbourne,Australian Open,2017-01-17,Grand Slam,Outdoor,Hard,1st Round,5,Stepanek R.,Tursunov D.,102,405.0,595,105.0,6.0,2.0,7.0,6.0,6.0,3.0,,,,,3.0,0.0,Completed,1.12,6.0,1.12,4.75,1.11,6.0,1.13,7.15,1.2,7.15,1.13,5.78,2017-580,Australian Open,Hard,128,G,2017-01-17,154,103285,,,Stepanek R.,R,185.0,CZE,38.1382614648,102.0,595.0,104098,,,Tursunov D.,R,185.0,RUS,34.0971937029,405.0,105.0,6-2 7-6(1) 6-3,5,R128,119.0,15.0,4.0,99.0,64.0,51.0,21.0,15.0,4.0,4.0,5.0,5.0,87.0,58.0,39.0,13.0,14.0,5.0,8.0
133,6,Melbourne,Australian Open,2017-01-17,Grand Slam,Outdoor,Hard,1st Round,5,Karlovic I.,Zeballos H.,21,68.0,1795,725.0,6.0,7.0,3.0,6.0,7.0,5.0,6.0,2.0,22.0,20.0,3.0,2.0,Completed,1.28,3.75,1.22,3.3,1.33,3.4,1.3,3.89,1.33,3.89,1.29,3.54,2017-580,Australian Open,Hard,128,G,2017-01-17,152,103333,20.0,,Karlovic I.,R,208.0,CRO,37.8836413415,21.0,1795.0,104547,,,Zeballos H.,L,188.0,ARG,31.7234770705,68.0,725.0,6-7(6) 3-6 7-5 6-2 22-20,5,R128,314.0,75.0,12.0,213.0,140.0,127.0,44.0,42.0,3.0,4.0,33.0,9.0,237.0,152.0,125.0,49.0,41.0,5.0,9.0
134,6,Melbourne,Australian Open,2017-01-17,Grand Slam,Outdoor,Hard,1st Round,5,Escobedo E.,Medvedev D.,131,63.0,455,751.0,7.0,5.0,4.0,6.0,7.0,6.0,6.0,1.0,,,3.0,1.0,Completed,2.75,1.44,2.65,1.38,2.75,1.44,2.75,1.51,2.9,1.51,2.77,1.44,2017-580,Australian Open,Hard,128,G,2017-01-17,142,124014,,,Escobedo E.,R,,USA,20.5366187543,131.0,455.0,106421,,,Medvedev D.,R,,RUS,20.9308692676,63.0,751.0,7-5 4-6 7-6(5) 6-1,5,R128,156.0,9.0,3.0,122.0,68.0,52.0,35.0,21.0,4.0,5.0,12.0,9.0,135.0,79.0,61.0,29.0,20.0,7.0,11.0
135,6,Melbourne,Australian Open,2017-01-17,Grand Slam,Outdoor,Hard,1st Round,5,Chung H.,Olivo R.,105,79.0,583,693.0,6.0,2.0,6.0,3.0,6.0,2.0,,,,,3.0,0.0,Completed,1.2,4.5,1.18,3.8,1.2,4.33,1.23,4.77,1.24,4.77,1.2,4.36,2017-580,Australian Open,Hard,128,G,2017-01-17,157,111202,,,Chung H.,R,,KOR,20.6625598905,105.0,583.0,105952,,,Olivo R.,R,,ARG,24.8405201916,79.0,693.0,6-2 6-3 6-2,5,R128,105.0,4.0,1.0,69.0,39.0,27.0,21.0,13.0,1.0,2.0,6.0,7.0,80.0,38.0,24.0,16.0,12.0,9.0,16.0
136,6,Melbourne,Australian Open,2017-01-17,Grand Slam,Outdoor,Hard,1st Round,5,Ferrer D.,Jasika O.,23,290.0,1740,172.0,6.0,3.0,6.0,0.0,6.0,2.0,,,,,3.0,0.0,Completed,1.16,5.0,1.1,5.25,1.14,5.5,1.19,5.35,1.19,5.5,1.15,5.14,2017-580,Australian Open,Hard,128,G,2017-01-17,143,103970,21.0,,Ferrer D.,R,175.0,ESP,34.7926078029,23.0,1740.0,117357,,,Jasika O.,L,,AUS,19.665982204,290.0,172.0,6-3 6-0 6-2,5,R128,85.0,4.0,2.0,67.0,44.0,38.0,11.0,12.0,1.0,1.0,1.0,5.0,68.0,41.0,25.0,9.0,11.0,6.0,12.0
137,6,Melbourne,Australian Open,2017-01-17,Grand Slam,Outdoor,Hard,1st Round,5,Paire B.,Haas T.,47,,960,,7.0,6.0,6.0,4.0,,,,,,,2.0,0.0,Retired,1.22,4.33,1.15,4.3,1.22,4.0,1.27,4.22,1.27,4.5,1.22,4.16,2017-580,Australian Open,Hard,128,G,2017-01-17,150,105332,,,Paire B.,R,196.0,FRA,27.6933607118,47.0,960.0,103163,,,Haas T.,R,188.0,GER,38.7898699521,,,7-6(2) 6-4 RET,5,R128,97.0,22.0,4.0,74.0,43.0,35.0,16.0,11.0,1.0,2.0,4.0,5.0,84.0,45.0,25.0,24.0,11.0,3.0,5.0
138,6,Melbourne,Australian Open,2017-01-17,Grand Slam,Outdoor,Hard,1st Round,5,Monfils G.,Vesely J.,6,53.0,3625,873.0,6.0,2.0,6.0,3.0,6.0,2.0,,,,,3.0,0.0,Completed,1.3,3.5,1.22,3.3,1.3,3.5,1.31,3.85,1.33,4.15,1.28,3.58,2017-580,Australian Open,Hard,128,G,2017-01-17,132,104792,6.0,,Monfils G.,R,193.0,FRA,30.3764544832,6.0,3625.0,106210,,,Vesely J.,L,,CZE,23.5208761123,53.0,873.0,6-2 6-3 6-2,5,R128,92.0,4.0,3.0,71.0,34.0,27.0,26.0,13.0,2.0,3.0,2.0,8.0,75.0,47.0,28.0,11.0,12.0,6.0,12.0
139,6,Melbourne,Australian Open,2017-01-17,Grand Slam,Outdoor,Hard,1st Round,5,Fognini F.,Lopez F.,48,29.0,945,1410.0,7.0,5.0,6.0,3.0,7.0,5.0,,,,,3.0,0.0,Completed,2.2,1.66,1.95,1.65,2.1,1.67,2.32,1.68,2.32,1.8,2.15,1.68,2017-580,Australian Open,Hard,128,G,2017-01-17,151,104926,,,Fognini F.,R,178.0,ITA,29.6509240246,48.0,945.0,103852,28.0,,Lopez F.,L,188.0,ESP,35.3237508556,29.0,1410.0,7-5 6-3 7-5,5,R128,123.0,5.0,3.0,81.0,43.0,38.0,23.0,17.0,0.0,2.0,13.0,8.0,133.0,71.0,48.0,24.0,16.0,22.0,28.0
140,6,Melbourne,Australian Open,2017-01-17,Grand Slam,Outdoor,Hard,1st Round,5,Djokovic N.,Verdasco F.,2,40.0,11780,1105.0,6.0,1.0,7.0,6.0,6.0,2.0,,,,,3.0,0.0,Completed,1.06,10.0,1.02,7.5,1.05,10.0,1.06,12.02,1.07,12.02,1.06,9.53,2017-580,Australian Open,Hard,128,G,2017-01-17,163,104925,2.0,,Djokovic N.,R,188.0,SRB,29.6563997262,2.0,11780.0,104269,,,Verdasco F.,L,188.0,ESP,33.1718001369,40.0,1105.0,6-1 7-6(4) 6-2,5,R128,140.0,2.0,2.0,94.0,58.0,44.0,18.0,14.0,3.0,5.0,5.0,5.0,106.0,55.0,33.0,20.0,13.0,10.0,16.0
141,6,Melbourne,Australian Open,2017-01-17,Grand Slam,Outdoor,Hard,1st Round,5,Istomin D.,Dodig I.,117,170.0,498,336.0,6.0,1.0,6.0,4.0,3.0,6.0,7.0,5.0,,,3.0,1.0,Completed,2.0,1.8,1.88,1.72,1.91,1.8,2.16,1.78,2.16,1.85,2.01,1.77,2017-580,Australian Open,Hard,128,G,2017-01-17,162,104797,,,Istomin D.,R,188.0,UZB,30.3600273785,117.0,498.0,104471,,,Dodig I.,R,183.0,CRO,32.038329911,170.0,336.0,6-1 6-4 3-6 7-5,5,R128,154.0,14.0,2.0,119.0,78.0,61.0,19.0,19.0,8.0,11.0,7.0,11.0,113.0,65.0,47.0,20.0,19.0,3.0,9.0
142,6,Melbourne,Australian Open,2017-01-18,Grand Slam,Outdoor,Hard,2nd Round,5,Nishikori K.,Chardy J.,5,72.0,5010,705.0,6.0,3.0,6.0,4.0,6.0,3.0,,,,,3.0,0.0,Completed,1.06,9.0,1.09,5.5,1.07,8.0,1.08,9.94,1.12,9.94,1.08,7.67,2017-580,Australian Open,Hard,128,G,2017-01-18,171,105453,5.0,,Nishikori K.,R,178.0,JPN,27.0499657769,5.0,5010.0,104871,,,Chardy J.,R,188.0,FRA,29.9274469541,72.0,705.0,6-3 6-4 6-3,5,R64,126.0,2.0,0.0,88.0,61.0,41.0,15.0,14.0,6.0,9.0,5.0,5.0,94.0,54.0,32.0,16.0,14.0,11.0,18.0
143,6,Melbourne,Australian Open,2017-01-18,Grand Slam,Outdoor,Hard,2nd Round,5,Jaziri M.,Bublik A.,56,207.0,824,268.0,6.0,2.0,6.0,3.0,7.0,5.0,,,,,3.0,0.0,Completed,1.44,2.75,1.45,2.4,1.44,2.75,1.44,3.01,1.5,3.01,1.45,2.73,2017-580,Australian Open,Hard,128,G,2017-01-18,167,104291,,,Jaziri M.,R,185.0,TUN,32.9911019849,56.0,824.0,122330,,,Bublik A.,R,,RUS,19.5838466804,207.0,268.0,6-2 6-3 7-5,5,R64,97.0,8.0,4.0,82.0,48.0,34.0,20.0,15.0,7.0,10.0,15.0,4.0,92.0,50.0,30.0,14.0,14.0,4.0,12.0
144,6,Melbourne,Australian Open,2017-01-18,Grand Slam,Outdoor,Hard,2nd Round,5,Lacko L.,Sela D.,121,67.0,486,731.0,2.0,6.0,6.0,3.0,6.0,2.0,6.0,4.0,,,3.0,1.0,Completed,2.75,1.44,2.5,1.4,2.75,1.44,2.95,1.46,2.95,1.5,2.76,1.43,2017-580,Australian Open,Hard,128,G,2017-01-18,170,105041,,,Lacko L.,R,185.0,SVK,29.2046543463,121.0,486.0,104534,,,Sela D.,R,175.0,ISR,31.7864476386,67.0,731.0,2-6 6-3 6-2 6-4,5,R64,135.0,8.0,1.0,118.0,66.0,45.0,28.0,18.0,8.0,12.0,5.0,5.0,98.0,68.0,42.0,16.0,17.0,5.0,11.0
145,6,Melbourne,Australian Open,2017-01-18,Grand Slam,Outdoor,Hard,2nd Round,5,Zverev M.,Isner J.,50,19.0,894,1850.0,6.0,7.0,6.0,7.0,6.0,4.0,7.0,6.0,9.0,7.0,3.0,2.0,Completed,2.75,1.44,2.65,1.38,2.75,1.44,3.03,1.44,3.03,1.5,2.79,1.42,2017-580,Australian Open,Hard,128,G,2017-01-18,166,104999,,,Zverev M.,L,190.0,GER,29.4045174538,50.0,894.0,104545,19.0,,Isner J.,R,206.0,USA,31.7262149213,19.0,1850.0,6-7(4) 6-7(4) 6-4 7-6(7) 9-7,5,R64,250.0,22.0,13.0,212.0,128.0,107.0,43.0,31.0,16.0,17.0,33.0,4.0,203.0,143.0,106.0,36.0,31.0,13.0,16.0
146,6,Melbourne,Australian Open,2017-01-18,Grand Slam,Outdoor,Hard,2nd Round,5,Berdych T.,Harrison R.,10,82.0,3060,664.0,6.0,3.0,7.0,6.0,6.0,2.0,,,,,3.0,0.0,Completed,1.16,5.0,1.13,4.6,1.17,4.5,1.19,5.46,1.2,5.46,1.16,4.98,2017-580,Australian Open,Hard,128,G,2017-01-18,168,104607,10.0,,Berdych T.,R,196.0,CZE,31.3319644079,10.0,3060.0,105992,,,Harrison R.,R,183.0,USA,24.6954140999,82.0,664.0,6-3 7-6(6) 6-2,5,R64,125.0,15.0,2.0,75.0,48.0,43.0,16.0,15.0,2.0,3.0,6.0,11.0,129.0,68.0,46.0,22.0,14.0,10.0,15.0
147,6,Melbourne,Australian Open,2017-01-18,Grand Slam,Outdoor,Hard,2nd Round,5,Wawrinka S.,Johnson S.,4,30.0,5155,1390.0,6.0,3.0,6.0,4.0,6.0,4.0,,,,,3.0,0.0,Completed,1.25,4.0,1.22,3.3,1.29,3.75,1.27,4.22,1.3,4.35,1.25,3.84,2017-580,Australian Open,Hard,128,G,2017-01-18,172,104527,4.0,,Wawrinka S.,R,183.0,SUI,31.8056125941,4.0,5155.0,105449,,,Johnson S.,R,188.0,USA,27.0636550308,30.0,1390.0,6-3 6-4 6-4,5,R64,111.0,11.0,4.0,88.0,54.0,47.0,19.0,15.0,5.0,5.0,6.0,0.0,93.0,66.0,44.0,14.0,14.0,8.0,11.0
148,6,Melbourne,Australian Open,2017-01-18,Grand Slam,Outdoor,Hard,2nd Round,5,Troicki V.,Lorenzi P.,35,43.0,1225,1033.0,6.0,3.0,1.0,6.0,7.0,6.0,3.0,6.0,6.0,3.0,3.0,2.0,Completed,1.22,4.33,1.2,3.7,1.25,4.0,1.23,4.77,1.29,4.77,1.23,4.17,2017-580,Australian Open,Hard,128,G,2017-01-18,173,104678,29.0,,Troicki V.,R,193.0,SRB,30.932238193,35.0,1225.0,103893,,,Lorenzi P.,R,183.0,ITA,35.0882956879,43.0,1033.0,6-3 1-6 7-6(3) 3-6 6-3,5,R64,227.0,21.0,6.0,154.0,84.0,65.0,34.0,23.0,12.0,16.0,8.0,8.0,160.0,98.0,68.0,32.0,23.0,8.0,11.0
149,6,Melbourne,Australian Open,2017-01-18,Grand Slam,Outdoor,Hard,2nd Round,5,Federer R.,Rubin N.,17,200.0,1980,274.0,7.0,5.0,6.0,3.0,7.0,6.0,,,,,3.0,0.0,Completed,1.02,15.0,1.01,8.0,1.03,13.0,1.03,17.82,1.05,22.0,1.02,14.09,2017-580,Australian Open,Hard,128,G,2017-01-18,169,103819,17.0,,Federer R.,R,185.0,SUI,35.4414784394,17.0,1980.0,111511,,,Rubin N.,R,,USA,20.9034907598,200.0,274.0,7-5 6-3 7-6(3),5,R64,123.0,17.0,2.0,112.0,67.0,55.0,25.0,17.0,5.0,6.0,2.0,3.0,102.0,57.0,36.0,28.0,16.0,5.0,8.0
150,6,Melbourne,Australian Open,2017-01-18,Grand Slam,Outdoor,Hard,2nd Round,5,Querrey S.,De Minaur A.,32,301.0,1355,164.0,7.0,6.0,6.0,0.0,6.0,1.0,,,,,3.0,0.0,Completed,1.3,3.5,1.25,3.3,1.3,3.4,1.3,3.89,1.33,3.89,1.29,3.58,2017-580,Australian Open,Hard,128,G,2017-01-18,165,105023,31.0,,Querrey S.,R,198.0,USA,29.2785763176,32.0,1355.0,200282,,,De Minaur A.,R,,AUS,17.9137577002,301.0,164.0,7-6(5) 6-0 6-1,5,R64,108.0,9.0,9.0,89.0,46.0,43.0,21.0,13.0,3.0,3.0,1.0,4.0,100.0,68.0,44.0,8.0,12.0,8.0,13.0
151,6,Melbourne,Australian Open,2017-01-18,Grand Slam,Outdoor,Hard,2nd Round,5,Seppi A.,Kyrgios N.,89,13.0,635,2460.0,1.0,6.0,6.0,7.0,6.0,4.0,6.0,2.0,10.0,8.0,3.0,2.0,Completed,8.0,1.08,5.6,1.08,6.5,1.11,8.67,1.1,8.67,1.12,7.29,1.09,2017-580,Australian Open,Hard,128,G,2017-01-18,175,104312,,,Seppi A.,R,190.0,ITA,32.9034907598,89.0,635.0,106401,14.0,,Kyrgios N.,R,,AUS,21.7248459959,13.0,2460.0,1-6 6-7(1) 6-4 6-2 10-8,5,R64,188.0,16.0,4.0,149.0,85.0,65.0,41.0,28.0,7.0,10.0,28.0,8.0,171.0,118.0,88.0,27.0,27.0,7.0,12.0
152,6,Melbourne,Australian Open,2017-01-18,Grand Slam,Outdoor,Hard,2nd Round,5,Evans D.,Cilic M.,51,7.0,886,3605.0,3.0,6.0,7.0,5.0,6.0,3.0,6.0,3.0,,,3.0,1.0,Completed,5.5,1.12,4.3,1.14,4.33,1.22,5.24,1.2,5.5,1.22,4.93,1.17,2017-580,Australian Open,Hard,128,G,2017-01-18,179,105554,,,Evans D.,R,175.0,GBR,26.6529774127,51.0,886.0,105227,7.0,,Cilic M.,R,198.0,CRO,28.3011635866,7.0,3605.0,3-6 7-5 6-3 6-3,5,R64,177.0,5.0,7.0,143.0,84.0,58.0,30.0,20.0,16.0,19.0,14.0,4.0,110.0,63.0,44.0,24.0,19.0,8.0,14.0
153,6,Melbourne,Australian Open,2017-01-18,Grand Slam,Outdoor,Hard,2nd Round,5,Sock J.,Khachanov K.,20,52.0,1810,875.0,6.0,3.0,6.0,4.0,6.0,4.0,,,,,3.0,0.0,Completed,1.36,3.25,1.28,3.0,1.33,3.4,1.32,3.74,1.38,3.74,1.32,3.33,2017-580,Australian Open,Hard,128,G,2017-01-18,177,106058,23.0,,Sock J.,R,185.0,USA,24.3121149897,20.0,1810.0,111575,,,Khachanov K.,R,,RUS,20.6570841889,52.0,875.0,6-3 6-4 6-4,5,R64,134.0,7.0,5.0,107.0,63.0,51.0,20.0,15.0,8.0,9.0,10.0,6.0,111.0,58.0,41.0,22.0,14.0,11.0,15.0
154,6,Melbourne,Australian Open,2017-01-18,Grand Slam,Outdoor,Hard,2nd Round,5,Murray A.,Rublev A.,1,152.0,12560,383.0,6.0,3.0,6.0,0.0,6.0,2.0,,,,,3.0,0.0,Completed,1.01,26.0,1.0,10.0,1.01,21.0,1.01,27.22,1.02,39.75,1.01,19.84,2017-580,Australian Open,Hard,128,G,2017-01-18,164,104918,1.0,,Murray A.,R,190.0,GBR,29.6755646817,1.0,12560.0,126094,,,Rublev A.,R,,RUS,19.241615332,152.0,383.0,6-3 6-0 6-2,5,R64,96.0,9.0,2.0,69.0,44.0,34.0,17.0,12.0,0.0,0.0,2.0,3.0,65.0,27.0,19.0,14.0,11.0,1.0,7.0
155,6,Melbourne,Australian Open,2017-01-19,Grand Slam,Outdoor,Hard,2nd Round,5,Gasquet R.,Berlocq C.,18,90.0,1885,632.0,6.0,1.0,6.0,1.0,6.0,1.0,,,,,3.0,0.0,Completed,1.03,15.0,1.02,7.5,1.02,11.0,1.03,17.65,1.05,18.5,1.03,13.18,2017-580,Australian Open,Hard,128,G,2017-01-19,193,104755,18.0,,Gasquet R.,R,185.0,FRA,30.5817932923,18.0,1885.0,104122,,,Berlocq C.,R,183.0,ARG,33.9520876112,90.0,632.0,6-1 6-1 6-1,5,R64,105.0,2.0,5.0,71.0,39.0,29.0,21.0,11.0,2.0,2.0,2.0,1.0,72.0,38.0,20.0,11.0,10.0,6.0,13.0
156,6,Melbourne,Australian Open,2017-01-19,Grand Slam,Outdoor,Hard,2nd Round,5,Carreno Busta P.,Edmund K.,31,46.0,1370,989.0,6.0,2.0,6.0,4.0,6.0,2.0,,,,,3.0,0.0,Completed,2.1,1.72,1.95,1.7,2.1,1.73,2.17,1.78,2.2,1.8,2.1,1.72,2017-580,Australian Open,Hard,128,G,2017-01-19,194,105807,30.0,,Carreno Busta P.,R,,ESP,25.5167693361,31.0,1370.0,106378,,,Edmund K.,R,,GBR,22.0232717317,46.0,989.0,6-2 6-4 6-2,5,R64,106.0,7.0,0.0,89.0,58.0,46.0,16.0,13.0,6.0,6.0,6.0,6.0,79.0,42.0,31.0,14.0,13.0,3.0,8.0
157,6,Melbourne,Australian Open,2017-01-19,Grand Slam,Outdoor,Hard,2nd Round,5,Kohlschreiber P.,Young D.,33,85.0,1325,651.0,7.0,5.0,6.0,3.0,6.0,0.0,,,,,3.0,0.0,Completed,1.4,3.0,1.35,2.65,1.4,3.0,1.48,2.86,1.48,3.1,1.4,2.92,2017-580,Australian Open,Hard,128,G,2017-01-19,181,104259,32.0,,Kohlschreiber P.,R,178.0,GER,33.2539356605,33.0,1325.0,105385,,,Young D.,L,183.0,USA,27.485284052,85.0,651.0,7-5 6-3 6-0,5,R64,111.0,3.0,3.0,77.0,43.0,33.0,23.0,14.0,4.0,5.0,5.0,2.0,93.0,62.0,30.0,15.0,13.0,5.0,12.0
158,6,Melbourne,Australian Open,2017-01-19,Grand Slam,Outdoor,Hard,2nd Round,5,Simon G.,Dutra Silva R.,25,439.0,1585,92.0,6.0,4.0,6.0,1.0,6.0,1.0,,,,,3.0,0.0,Completed,1.05,10.0,1.05,6.25,1.04,9.0,1.07,11.25,1.1,11.25,1.06,9.02,2017-580,Australian Open,Hard,128,G,2017-01-19,186,104468,25.0,,Simon G.,R,183.0,FRA,32.0547570157,25.0,1585.0,104297,,,Dutra Silva R.,R,178.0,BRA,32.9527720739,100.0,600.0,6-4 6-1 6-1,5,R64,96.0,3.0,5.0,67.0,47.0,41.0,10.0,12.0,2.0,2.0,1.0,3.0,81.0,50.0,29.0,13.0,12.0,5.0,11.0
159,6,Melbourne,Australian Open,2017-01-19,Grand Slam,Outdoor,Hard,2nd Round,5,Bautista Agut R.,Nishioka Y.,14,99.0,2350,602.0,6.0,2.0,6.0,3.0,6.0,3.0,,,,,3.0,0.0,Completed,1.06,10.0,1.06,6.0,1.04,11.0,1.06,12.02,1.1,12.02,1.05,9.52,2017-580,Australian Open,Hard,128,G,2017-01-19,184,105138,13.0,,Bautista Agut R.,R,,ESP,28.758384668,14.0,2350.0,106415,,,Nishioka Y.,L,,JPN,21.3059548255,99.0,602.0,6-2 6-3 6-3,5,R64,129.0,9.0,1.0,77.0,63.0,41.0,6.0,13.0,6.0,10.0,2.0,3.0,118.0,71.0,35.0,19.0,13.0,12.0,21.0
160,6,Melbourne,Australian Open,2017-01-19,Grand Slam,Outdoor,Hard,2nd Round,5,Dimitrov G.,Chung H.,15,105.0,2135,583.0,1.0,6.0,6.0,4.0,6.0,4.0,6.0,4.0,,,3.0,1.0,Completed,1.11,6.5,1.11,4.9,1.11,6.5,1.14,6.9,1.15,6.9,1.12,6.03,2017-580,Australian Open,Hard,128,G,2017-01-19,192,105777,15.0,,Dimitrov G.,R,188.0,BUL,25.6728268309,15.0,2135.0,111202,,,Chung H.,R,,KOR,20.6625598905,105.0,583.0,1-6 6-4 6-4 6-4,5,R64,156.0,12.0,4.0,117.0,76.0,52.0,22.0,19.0,10.0,15.0,7.0,4.0,104.0,71.0,53.0,11.0,18.0,5.0,10.0
161,6,Melbourne,Australian Open,2017-01-19,Grand Slam,Outdoor,Hard,2nd Round,5,Ferrer D.,Escobedo E.,23,131.0,1740,455.0,2.0,6.0,6.0,4.0,6.0,4.0,6.0,2.0,,,3.0,1.0,Completed,1.25,4.0,1.18,3.9,1.29,3.75,1.25,4.5,1.29,4.5,1.24,4.01,2017-580,Australian Open,Hard,128,G,2017-01-19,185,103970,21.0,,Ferrer D.,R,175.0,ESP,34.7926078029,23.0,1740.0,124014,,,Escobedo E.,R,,USA,20.5366187543,131.0,455.0,2-6 6-4 6-4 6-2,5,R64,166.0,6.0,7.0,141.0,84.0,58.0,30.0,18.0,11.0,13.0,7.0,3.0,121.0,68.0,48.0,27.0,18.0,10.0,14.0
162,6,Melbourne,Australian Open,2017-01-19,Grand Slam,Outdoor,Hard,2nd Round,5,Istomin D.,Djokovic N.,117,2.0,498,11780.0,7.0,6.0,5.0,7.0,2.0,6.0,7.0,6.0,6.0,4.0,3.0,2.0,Completed,23.0,1.01,10.0,1.0,21.0,1.01,27.22,1.01,41.0,1.01,21.2,1.01,2017-580,Australian Open,Hard,128,G,2017-01-19,195,104797,,,Istomin D.,R,188.0,UZB,30.3600273785,117.0,498.0,104925,2.0,,Djokovic N.,R,188.0,SRB,29.6563997262,2.0,11780.0,7-6(8) 5-7 2-6 7-6(5) 6-4,5,R64,288.0,17.0,3.0,194.0,134.0,94.0,27.0,27.0,9.0,15.0,14.0,9.0,185.0,107.0,77.0,43.0,27.0,10.0,14.0
163,6,Melbourne,Australian Open,2017-01-19,Grand Slam,Outdoor,Hard,2nd Round,5,Raonic M.,Muller G.,3,28.0,5290,1415.0,6.0,3.0,6.0,4.0,7.0,6.0,,,,,3.0,0.0,Completed,1.22,4.33,1.17,4.0,1.22,4.33,1.24,4.65,1.27,4.65,1.22,4.23,2017-580,Australian Open,Hard,128,G,2017-01-19,187,105683,3.0,,Raonic M.,R,196.0,CAN,26.0561259411,3.0,5290.0,104180,,,Muller G.,L,193.0,LUX,33.6919917864,28.0,1415.0,6-3 6-4 7-6(4),5,R64,119.0,21.0,3.0,95.0,61.0,51.0,20.0,16.0,4.0,4.0,7.0,1.0,93.0,65.0,44.0,18.0,15.0,5.0,7.0
164,6,Melbourne,Australian Open,2017-01-19,Grand Slam,Outdoor,Hard,2nd Round,5,Goffin D.,Stepanek R.,11,102.0,2750,595.0,6.0,4.0,6.0,0.0,6.0,3.0,,,,,3.0,0.0,Completed,1.25,4.0,1.22,3.5,1.22,4.0,1.22,4.85,1.3,4.85,1.23,4.18,2017-580,Australian Open,Hard,128,G,2017-01-19,191,105676,11.0,,Goffin D.,R,163.0,BEL,26.1108829569,11.0,2750.0,103285,,,Stepanek R.,R,185.0,CZE,38.1382614648,102.0,595.0,6-4 6-0 6-3,5,R64,104.0,7.0,4.0,80.0,44.0,32.0,23.0,13.0,4.0,5.0,3.0,9.0,79.0,46.0,27.0,12.0,12.0,6.0,13.0
165,6,Melbourne,Australian Open,2017-01-19,Grand Slam,Outdoor,Hard,2nd Round,5,Karlovic I.,Whittington A.,21,194.0,1795,289.0,6.0,4.0,6.0,4.0,6.0,4.0,,,,,3.0,0.0,Completed,1.36,3.25,1.35,2.75,1.36,3.25,1.36,3.48,1.39,3.48,1.35,3.17,2017-580,Australian Open,Hard,128,G,2017-01-19,190,103333,20.0,,Karlovic I.,R,208.0,CRO,37.8836413415,21.0,1795.0,106225,,,Whittington A.,R,,AUS,23.4332648871,194.0,289.0,6-4 6-4 6-4,5,R64,120.0,19.0,7.0,92.0,52.0,44.0,23.0,15.0,5.0,5.0,5.0,6.0,92.0,46.0,35.0,23.0,15.0,7.0,10.0
166,6,Melbourne,Australian Open,2017-01-19,Grand Slam,Outdoor,Hard,2nd Round,5,Zverev A.,Tiafoe F.,24,108.0,1655,550.0,6.0,2.0,6.0,3.0,6.0,4.0,,,,,3.0,0.0,Completed,1.2,4.5,1.13,4.6,1.2,4.33,1.19,5.54,1.22,5.54,1.18,4.8,2017-580,Australian Open,Hard,128,G,2017-01-19,182,100644,24.0,,Zverev A.,R,,GER,19.742642026,24.0,1655.0,126207,,,Tiafoe F.,R,,USA,18.9897330595,108.0,550.0,6-2 6-3 6-4,5,R64,116.0,9.0,6.0,99.0,55.0,41.0,26.0,14.0,5.0,5.0,4.0,2.0,83.0,55.0,34.0,16.0,13.0,4.0,8.0
167,6,Melbourne,Australian Open,2017-01-19,Grand Slam,Outdoor,Hard,2nd Round,5,Paire B.,Fognini F.,47,48.0,960,945.0,7.0,6.0,4.0,6.0,6.0,3.0,3.0,6.0,6.0,3.0,3.0,2.0,Completed,2.1,1.72,2.0,1.65,2.1,1.67,2.17,1.78,2.2,1.78,2.09,1.72,2017-580,Australian Open,Hard,128,G,2017-01-19,189,105332,,,Paire B.,R,196.0,FRA,27.6933607118,47.0,960.0,104926,,,Fognini F.,R,178.0,ITA,29.6509240246,48.0,945.0,7-6(3) 4-6 6-3 3-6 6-3,5,R64,208.0,21.0,10.0,176.0,96.0,70.0,36.0,25.0,10.0,16.0,2.0,6.0,160.0,92.0,56.0,41.0,24.0,8.0,14.0
168,6,Melbourne,Australian Open,2017-01-19,Grand Slam,Outdoor,Hard,2nd Round,5,Thiem D.,Thompson J.,8,76.0,3415,699.0,6.0,2.0,6.0,1.0,6.0,7.0,6.0,4.0,,,3.0,1.0,Completed,1.2,4.33,1.2,3.6,1.25,4.0,1.31,3.85,1.31,4.69,1.22,4.23,2017-580,Australian Open,Hard,128,G,2017-01-19,188,106233,8.0,,Thiem D.,R,,AUT,23.370294319,8.0,3415.0,111442,,,Thompson J.,R,,AUS,22.7433264887,76.0,699.0,6-2 6-1 6-7(6) 6-4,5,R64,163.0,12.0,4.0,113.0,66.0,54.0,27.0,19.0,4.0,5.0,5.0,1.0,123.0,67.0,40.0,30.0,18.0,10.0,17.0
169,6,Melbourne,Australian Open,2017-01-19,Grand Slam,Outdoor,Hard,2nd Round,5,Nadal R.,Baghdatis M.,9,36.0,3195,1210.0,6.0,3.0,6.0,1.0,6.0,3.0,,,,,3.0,0.0,Completed,1.07,9.0,1.05,6.25,1.06,8.0,1.1,8.67,1.11,9.75,1.08,7.95,2017-580,Australian Open,Hard,128,G,2017-01-19,183,104745,9.0,,Nadal R.,L,185.0,ESP,30.6228610541,9.0,3195.0,104571,,,Baghdatis M.,R,183.0,CYP,31.5838466804,36.0,1210.0,6-3 6-1 6-3,5,R64,132.0,5.0,0.0,80.0,64.0,46.0,10.0,13.0,4.0,5.0,7.0,4.0,98.0,53.0,33.0,16.0,12.0,10.0,16.0
